,URL,GameType,Location,Date,Time,WinningTeam,Quarter,SecLeft,AwayTeam,AwayPlay,AwayScore,HomeTeam,HomePlay,HomeScore,Shooter,ShotType,ShotOutcome,ShotDist,Assister,Blocker,FoulType,Fouler,Fouled,Rebounder,ReboundType,ViolationPlayer,ViolationType,TimeoutTeam,FreeThrowShooter,FreeThrowOutcome,FreeThrowNum,EnterGame,LeaveGame,TurnoverPlayer,TurnoverType,TurnoverCause,TurnoverCauser,JumpballAwayPlayer,JumpballHomePlayer,JumpballPoss,Unnamed: 40
443468,/boxscores/202003070CLE.html,regular,Quicken Loans Arena Cleveland Ohio,March 7 2020,7:30 PM,CLE,1,720,DEN,Jump ball: N. Joki vs. T. Thompson (N. Joki gains possession),0,CLE,,0,,,,,,,,,,,,,,,,,,,,,,,,N. Jokić - jokicni01,T. Thompson - thomptr01,N. Jokić - jokicni01,
443469,/boxscores/202003070CLE.html,regular,Quicken Loans Arena Cleveland Ohio,March 7 2020,7:30 PM,CLE,1,705,DEN,W. Barton misses 2-pt layup from 4 ft,0,CLE,,0,W. Barton - bartowi01,2-pt layup,miss,4.0,,,,,,,,,,,,,,,,,,,,,,,
443470,/boxscores/202003070CLE.html,regular,Quicken Loans Arena Cleveland Ohio,March 7 2020,7:30 PM,CLE,1,699,DEN,Offensive rebound by W. Barton,0,CLE,,0,,,,,,,,,,W. Barton - bartowi01,offensive,,,,,,,,,,,,,,,,
443471,/boxscores/202003070CLE.html,regular,Quicken Loans Arena Cleveland Ohio,March 7 2020,7:30 PM,CLE,1,699,DEN,W. Barton makes 2-pt layup at rim,2,CLE,,0,W. Barton - bartowi01,2-pt layup,make,0.0,,,,,,,,,,,,,,,,,,,,,,,
443472,/boxscores/202003070CLE.html,regular,Quicken Loans Arena Cleveland Ohio,March 7 2020,7:30 PM,CLE,1,689,DEN,,2,CLE,K. Love misses 3-pt jump shot from 25 ft,0,K. Love - loveke01,3-pt jump shot,miss,25.0,,,,,,,,,,,,,,,,,,,,,,,
443473,/boxscores/202003070CLE.html,regular,Quicken Loans Arena Cleveland Ohio,March 7 2020,7:30 PM,CLE,1,686,DEN,Defensive rebound by W. Barton,2,CLE,,0,,,,,,,,,,W. Barton - bartowi01,defensive,,,,,,,,,,,,,,,,
443474,/boxscores/202003070CLE.html,regular,Quicken Loans Arena Cleveland Ohio,March 7 2020,7:30 PM,CLE,1,676,DEN,W. Barton misses 3-pt jump shot from 25 ft,2,CLE,,0,W. Barton - bartowi01,3-pt jump shot,miss,25.0,,,,,,,,,,,,,,,,,,,,,,,
443475,/boxscores/202003070CLE.html,regular,Quicken Loans Arena Cleveland Ohio,March 7 2020,7:30 PM,CLE,1,673,DEN,,2,CLE,Defensive rebound by T. Thompson,0,,,,,,,,,,T. Thompson - thomptr01,defensive,,,,,,,,,,,,,,,,
443476,/boxscores/202003070CLE.html,regular,Quicken Loans Arena Cleveland Ohio,March 7 2020,7:30 PM,CLE,1,664,DEN,,2,CLE,K. Love misses 3-pt jump shot from 32 ft,0,K. Love - loveke01,3-pt jump shot,miss,32.0,,,,,,,,,,,,,,,,,,,,,,,
443477,/boxscores/202003070CLE.html,regular,Quicken Loans Arena Cleveland Ohio,March 7 2020,7:30 PM,CLE,1,660,DEN,Defensive rebound by N. Joki,2,CLE,,0,,,,,,,,,,N. Jokić - jokicni01,defensive,,,,,,,,,,,,,,,,
443478,/boxscores/202003070CLE.html,regular,Quicken Loans Arena Cleveland Ohio,March 7 2020,7:30 PM,CLE,1,657,DEN,J. Murray makes 3-pt jump shot from 25 ft (assist by N. Joki),5,CLE,,0,J. Murray - murraja01,3-pt jump shot,make,25.0,N. Jokić - jokicni01,,,,,,,,,,,,,,,,,,,,,,
443479,/boxscores/202003070CLE.html,regular,Quicken Loans Arena Cleveland Ohio,March 7 2020,7:30 PM,CLE,1,642,DEN,,5,CLE,C. Osman makes 3-pt jump shot from 23 ft (assist by M. Dellavedova),3,C. Osman - osmande01,3-pt jump shot,make,23.0,M. Dellavedova - dellama01,,,,,,,,,,,,,,,,,,,,,,
443480,/boxscores/202003070CLE.html,regular,Quicken Loans Arena Cleveland Ohio,March 7 2020,7:30 PM,CLE,1,620,DEN,N. Joki misses 2-pt jump shot from 4 ft,5,CLE,,3,N. Jokić - jokicni01,2-pt jump shot,miss,4.0,,,,,,,,,,,,,,,,,,,,,,,
443481,/boxscores/202003070CLE.html,regular,Quicken Loans Arena Cleveland Ohio,March 7 2020,7:30 PM,CLE,1,619,DEN,,5,CLE,Defensive rebound by M. Dellavedova,3,,,,,,,,,,M. Dellavedova - dellama01,defensive,,,,,,,,,,,,,,,,
443482,/boxscores/202003070CLE.html,regular,Quicken Loans Arena Cleveland Ohio,March 7 2020,7:30 PM,CLE,1,619,DEN,,5,CLE,Personal take foul by N. Joki (drawn by M. Dellavedova),3,,,,,,,personal take,N. Jokić - jokicni01,M. Dellavedova - dellama01,,,,,,,,,,,,,,,,,,
443483,/boxscores/202003070CLE.html,regular,Quicken Loans Arena Cleveland Ohio,March 7 2020,7:30 PM,CLE,1,607,DEN,,5,CLE,Offensive foul by C. Osman (drawn by P. Millsap),3,,,,,,,offensive,C. Osman - osmande01,P. Millsap - millspa01,,,,,,,,,,,,,,,,,,
443484,/boxscores/202003070CLE.html,regular,Quicken Loans Arena Cleveland Ohio,March 7 2020,7:30 PM,CLE,1,607,DEN,,5,CLE,Turnover by C. Osman (offensive foul),3,,,,,,,,,,,,,,,,,,,,C. Osman - osmande01,offensive foul,,,,,,
443485,/boxscores/202003070CLE.html,regular,Quicken Loans Arena Cleveland Ohio,March 7 2020,7:30 PM,CLE,1,589,DEN,Turnover by N. Joki (traveling),5,CLE,,3,,,,,,,,,,,,,,,,,,,,N. Jokić - jokicni01,traveling,,,,,,
443486,/boxscores/202003070CLE.html,regular,Quicken Loans Arena Cleveland Ohio,March 7 2020,7:30 PM,CLE,1,573,DEN,,5,CLE,Turnover by C. Sexton (lost ball; steal by P. Millsap),3,,,,,,,,,,,,,,,,,,,,C. Sexton - sextoco01,lost ball,steal,P. Millsap - millspa01,,,,
443487,/boxscores/202003070CLE.html,regular,Quicken Loans Arena Cleveland Ohio,March 7 2020,7:30 PM,CLE,1,568,DEN,W. Barton makes 3-pt jump shot from 23 ft (assist by G. Harris),8,CLE,,3,W. Barton - bartowi01,3-pt jump shot,make,23.0,G. Harris - harriga01,,,,,,,,,,,,,,,,,,,,,,
443488,/boxscores/202003070CLE.html,regular,Quicken Loans Arena Cleveland Ohio,March 7 2020,7:30 PM,CLE,1,555,DEN,,8,CLE,C. Sexton misses 2-pt jump shot from 20 ft,3,C. Sexton - sextoco01,2-pt jump shot,miss,20.0,,,,,,,,,,,,,,,,,,,,,,,
443489,/boxscores/202003070CLE.html,regular,Quicken Loans Arena Cleveland Ohio,March 7 2020,7:30 PM,CLE,1,553,DEN,Defensive rebound by W. Barton,8,CLE,,3,,,,,,,,,,W. Barton - bartowi01,defensive,,,,,,,,,,,,,,,,
443490,/boxscores/202003070CLE.html,regular,Quicken Loans Arena Cleveland Ohio,March 7 2020,7:30 PM,CLE,1,537,DEN,G. Harris makes 3-pt jump shot from 23 ft (assist by J. Murray),11,CLE,,3,G. Harris - harriga01,3-pt jump shot,make,23.0,J. Murray - murraja01,,,,,,,,,,,,,,,,,,,,,,
443491,/boxscores/202003070CLE.html,regular,Quicken Loans Arena Cleveland Ohio,March 7 2020,7:30 PM,CLE,1,528,DEN,,11,CLE,Personal foul by J. Murray (drawn by T. Thompson),3,,,,,,,personal,J. Murray - murraja01,T. Thompson - thomptr01,,,,,,,,,,,,,,,,,,
443492,/boxscores/202003070CLE.html,regular,Quicken Loans Arena Cleveland Ohio,March 7 2020,7:30 PM,CLE,1,511,DEN,,11,CLE,Turnover by Team (shot clock),3,,,,,,,,,,,,,,,,,,,,Team,shot clock,,,,,,
443493,/boxscores/202003070CLE.html,regular,Quicken Loans Arena Cleveland Ohio,March 7 2020,7:30 PM,CLE,1,499,DEN,Turnover by P. Millsap (bad pass; steal by C. Osman),11,CLE,,3,,,,,,,,,,,,,,,,,,,,P. Millsap - millspa01,bad pass,steal,C. Osman - osmande01,,,,
443494,/boxscores/202003070CLE.html,regular,Quicken Loans Arena Cleveland Ohio,March 7 2020,7:30 PM,CLE,1,495,DEN,,11,CLE,C. Sexton makes 2-pt layup at rim (assist by C. Osman),5,C. Sexton - sextoco01,2-pt layup,make,0.0,C. Osman - osmande01,,,,,,,,,,,,,,,,,,,,,,
443495,/boxscores/202003070CLE.html,regular,Quicken Loans Arena Cleveland Ohio,March 7 2020,7:30 PM,CLE,1,473,DEN,G. Harris makes 3-pt jump shot from 23 ft (assist by J. Murray),14,CLE,,5,G. Harris - harriga01,3-pt jump shot,make,23.0,J. Murray - murraja01,,,,,,,,,,,,,,,,,,,,,,
443496,/boxscores/202003070CLE.html,regular,Quicken Loans Arena Cleveland Ohio,March 7 2020,7:30 PM,CLE,1,472,DEN,,14,CLE,Cleveland full timeout,5,,,,,,,,,,,,,,CLE,,,,,,,,,,,,,
443497,/boxscores/202003070CLE.html,regular,Quicken Loans Arena Cleveland Ohio,March 7 2020,7:30 PM,CLE,1,458,DEN,,14,CLE,C. Sexton makes 2-pt jump shot from 17 ft,7,C. Sexton - sextoco01,2-pt jump shot,make,17.0,,,,,,,,,,,,,,,,,,,,,,,
443498,/boxscores/202003070CLE.html,regular,Quicken Loans Arena Cleveland Ohio,March 7 2020,7:30 PM,CLE,1,445,DEN,Turnover by N. Joki (traveling),14,CLE,,7,,,,,,,,,,,,,,,,,,,,N. Jokić - jokicni01,traveling,,,,,,
443499,/boxscores/202003070CLE.html,regular,Quicken Loans Arena Cleveland Ohio,March 7 2020,7:30 PM,CLE,1,445,DEN,,14,CLE,L. Nance enters the game for M. Dellavedova,7,,,,,,,,,,,,,,,,,,L. Nance - nancela02,M. Dellavedova - dellama01,,,,,,,,
443500,/boxscores/202003070CLE.html,regular,Quicken Loans Arena Cleveland Ohio,March 7 2020,7:30 PM,CLE,1,438,DEN,,14,CLE,C. Sexton makes 2-pt jump shot from 11 ft (assist by T. Thompson),9,C. Sexton - sextoco01,2-pt jump shot,make,11.0,T. Thompson - thomptr01,,,,,,,,,,,,,,,,,,,,,,
443501,/boxscores/202003070CLE.html,regular,Quicken Loans Arena Cleveland Ohio,March 7 2020,7:30 PM,CLE,1,421,DEN,P. Millsap makes 2-pt jump shot from 7 ft (assist by W. Barton),16,CLE,,9,P. Millsap - millspa01,2-pt jump shot,make,7.0,W. Barton - bartowi01,,,,,,,,,,,,,,,,,,,,,,
443502,/boxscores/202003070CLE.html,regular,Quicken Loans Arena Cleveland Ohio,March 7 2020,7:30 PM,CLE,1,410,DEN,,16,CLE,C. Sexton misses 2-pt jump shot from 8 ft,9,C. Sexton - sextoco01,2-pt jump shot,miss,8.0,,,,,,,,,,,,,,,,,,,,,,,
443503,/boxscores/202003070CLE.html,regular,Quicken Loans Arena Cleveland Ohio,March 7 2020,7:30 PM,CLE,1,408,DEN,Defensive rebound by W. Barton,16,CLE,,9,,,,,,,,,,W. Barton - bartowi01,defensive,,,,,,,,,,,,,,,,
443504,/boxscores/202003070CLE.html,regular,Quicken Loans Arena Cleveland Ohio,March 7 2020,7:30 PM,CLE,1,402,DEN,W. Barton makes 3-pt jump shot from 26 ft,19,CLE,,9,W. Barton - bartowi01,3-pt jump shot,make,26.0,,,,,,,,,,,,,,,,,,,,,,,
443505,/boxscores/202003070CLE.html,regular,Quicken Loans Arena Cleveland Ohio,March 7 2020,7:30 PM,CLE,1,381,DEN,,19,CLE,K. Love makes 3-pt jump shot from 29 ft (assist by L. Nance),12,K. Love - loveke01,3-pt jump shot,make,29.0,L. Nance - nancela02,,,,,,,,,,,,,,,,,,,,,,
443506,/boxscores/202003070CLE.html,regular,Quicken Loans Arena Cleveland Ohio,March 7 2020,7:30 PM,CLE,1,362,DEN,P. Millsap makes 2-pt layup from 2 ft,21,CLE,,12,P. Millsap - millspa01,2-pt layup,make,2.0,,,,,,,,,,,,,,,,,,,,,,,
443507,/boxscores/202003070CLE.html,regular,Quicken Loans Arena Cleveland Ohio,March 7 2020,7:30 PM,CLE,1,350,DEN,,21,CLE,T. Thompson misses 2-pt hook shot from 7 ft,12,T. Thompson - thomptr01,2-pt hook shot,miss,7.0,,,,,,,,,,,,,,,,,,,,,,,
443508,/boxscores/202003070CLE.html,regular,Quicken Loans Arena Cleveland Ohio,March 7 2020,7:30 PM,CLE,1,350,DEN,Defensive rebound by Team,21,CLE,,12,,,,,,,,,,Team,defensive,,,,,,,,,,,,,,,,
443509,/boxscores/202003070CLE.html,regular,Quicken Loans Arena Cleveland Ohio,March 7 2020,7:30 PM,CLE,1,350,DEN,M. Morris enters the game for J. Murray,21,CLE,,12,,,,,,,,,,,,,,,,,,M. Morris - morrimo01,J. Murray - murraja01,,,,,,,,
443510,/boxscores/202003070CLE.html,regular,Quicken Loans Arena Cleveland Ohio,March 7 2020,7:30 PM,CLE,1,335,DEN,N. Joki makes 2-pt jump shot from 2 ft,23,CLE,,12,N. Jokić - jokicni01,2-pt jump shot,make,2.0,,,,,,,,,,,,,,,,,,,,,,,
443511,/boxscores/202003070CLE.html,regular,Quicken Loans Arena Cleveland Ohio,March 7 2020,7:30 PM,CLE,1,335,DEN,Shooting foul by T. Thompson (drawn by N. Joki),23,CLE,,12,,,,,,,shooting,T. Thompson - thomptr01,N. Jokić - jokicni01,,,,,,,,,,,,,,,,,,
443512,/boxscores/202003070CLE.html,regular,Quicken Loans Arena Cleveland Ohio,March 7 2020,7:30 PM,CLE,1,335,DEN,,23,CLE,A. McKinnie enters the game for C. Osman,12,,,,,,,,,,,,,,,,,,A. McKinnie - mckinal01,C. Osman - osmande01,,,,,,,,
443513,/boxscores/202003070CLE.html,regular,Quicken Loans Arena Cleveland Ohio,March 7 2020,7:30 PM,CLE,1,335,DEN,N. Joki misses free throw 1 of 1,23,CLE,,12,,,,,,,,,,,,,,,N. Jokić - jokicni01,miss,1 of 1,,,,,,,,,,
443514,/boxscores/202003070CLE.html,regular,Quicken Loans Arena Cleveland Ohio,March 7 2020,7:30 PM,CLE,1,333,DEN,,23,CLE,Defensive rebound by K. Love,12,,,,,,,,,,K. Love - loveke01,defensive,,,,,,,,,,,,,,,,
443515,/boxscores/202003070CLE.html,regular,Quicken Loans Arena Cleveland Ohio,March 7 2020,7:30 PM,CLE,1,325,DEN,,23,CLE,A. McKinnie makes 2-pt dunk from 1 ft (assist by C. Sexton),14,A. McKinnie - mckinal01,2-pt dunk,make,1.0,C. Sexton - sextoco01,,,,,,,,,,,,,,,,,,,,,,
443516,/boxscores/202003070CLE.html,regular,Quicken Loans Arena Cleveland Ohio,March 7 2020,7:30 PM,CLE,1,315,DEN,G. Harris makes 2-pt dunk from 2 ft (assist by N. Joki),25,CLE,,14,G. Harris - harriga01,2-pt dunk,make,2.0,N. Jokić - jokicni01,,,,,,,,,,,,,,,,,,,,,,
443517,/boxscores/202003070CLE.html,regular,Quicken Loans Arena Cleveland Ohio,March 7 2020,7:30 PM,CLE,1,299,DEN,,25,CLE,T. Thompson misses 3-pt jump shot from 25 ft,14,T. Thompson - thomptr01,3-pt jump shot,miss,25.0,,,,,,,,,,,,,,,,,,,,,,,
443518,/boxscores/202003070CLE.html,regular,Quicken Loans Arena Cleveland Ohio,March 7 2020,7:30 PM,CLE,1,296,DEN,Defensive rebound by P. Millsap,25,CLE,,14,,,,,,,,,,P. Millsap - millspa01,defensive,,,,,,,,,,,,,,,,
443519,/boxscores/202003070CLE.html,regular,Quicken Loans Arena Cleveland Ohio,March 7 2020,7:30 PM,CLE,1,288,DEN,Turnover by P. Millsap (out of bounds lost ball),25,CLE,,14,,,,,,,,,,,,,,,,,,,,P. Millsap - millspa01,out of bounds lost ball,,,,,,
443520,/boxscores/202003070CLE.html,regular,Quicken Loans Arena Cleveland Ohio,March 7 2020,7:30 PM,CLE,1,263,DEN,,25,CLE,T. Thompson makes 2-pt hook shot from 4 ft (assist by L. Nance),16,T. Thompson - thomptr01,2-pt hook shot,make,4.0,L. Nance - nancela02,,,,,,,,,,,,,,,,,,,,,,
443521,/boxscores/202003070CLE.html,regular,Quicken Loans Arena Cleveland Ohio,March 7 2020,7:30 PM,CLE,1,238,DEN,W. Barton misses 2-pt jump shot from 2 ft,25,CLE,,16,W. Barton - bartowi01,2-pt jump shot,miss,2.0,,,,,,,,,,,,,,,,,,,,,,,
443522,/boxscores/202003070CLE.html,regular,Quicken Loans Arena Cleveland Ohio,March 7 2020,7:30 PM,CLE,1,236,DEN,,25,CLE,Defensive rebound by T. Thompson,16,,,,,,,,,,T. Thompson - thomptr01,defensive,,,,,,,,,,,,,,,,
443523,/boxscores/202003070CLE.html,regular,Quicken Loans Arena Cleveland Ohio,March 7 2020,7:30 PM,CLE,1,221,DEN,,25,CLE,A. McKinnie makes 2-pt dunk from 1 ft (assist by C. Sexton),18,A. McKinnie - mckinal01,2-pt dunk,make,1.0,C. Sexton - sextoco01,,,,,,,,,,,,,,,,,,,,,,
443524,/boxscores/202003070CLE.html,regular,Quicken Loans Arena Cleveland Ohio,March 7 2020,7:30 PM,CLE,1,221,DEN,Denver full timeout,25,CLE,,18,,,,,,,,,,,,,,DEN,,,,,,,,,,,,,
443525,/boxscores/202003070CLE.html,regular,Quicken Loans Arena Cleveland Ohio,March 7 2020,7:30 PM,CLE,1,221,DEN,J. Grant enters the game for P. Millsap,25,CLE,,18,,,,,,,,,,,,,,,,,,J. Grant - grantje01,P. Millsap - millspa01,,,,,,,,
443526,/boxscores/202003070CLE.html,regular,Quicken Loans Arena Cleveland Ohio,March 7 2020,7:30 PM,CLE,1,221,DEN,,25,CLE,C. Osman enters the game for K. Love,18,,,,,,,,,,,,,,,,,,C. Osman - osmande01,K. Love - loveke01,,,,,,,,
443527,/boxscores/202003070CLE.html,regular,Quicken Loans Arena Cleveland Ohio,March 7 2020,7:30 PM,CLE,1,204,DEN,Turnover by M. Morris (lost ball; steal by L. Nance),25,CLE,,18,,,,,,,,,,,,,,,,,,,,M. Morris - morrimo01,lost ball,steal,L. Nance - nancela02,,,,
443528,/boxscores/202003070CLE.html,regular,Quicken Loans Arena Cleveland Ohio,March 7 2020,7:30 PM,CLE,1,199,DEN,,25,CLE,C. Sexton misses 3-pt jump shot from 26 ft,18,C. Sexton - sextoco01,3-pt jump shot,miss,26.0,,,,,,,,,,,,,,,,,,,,,,,
443529,/boxscores/202003070CLE.html,regular,Quicken Loans Arena Cleveland Ohio,March 7 2020,7:30 PM,CLE,1,194,DEN,Defensive rebound by G. Harris,25,CLE,,18,,,,,,,,,,G. Harris - harriga01,defensive,,,,,,,,,,,,,,,,
443530,/boxscores/202003070CLE.html,regular,Quicken Loans Arena Cleveland Ohio,March 7 2020,7:30 PM,CLE,1,191,DEN,G. Harris makes 2-pt jump shot from 23 ft,27,CLE,,18,G. Harris - harriga01,2-pt jump shot,make,23.0,,,,,,,,,,,,,,,,,,,,,,,
443531,/boxscores/202003070CLE.html,regular,Quicken Loans Arena Cleveland Ohio,March 7 2020,7:30 PM,CLE,1,167,DEN,,27,CLE,A. McKinnie misses 3-pt jump shot from 24 ft,18,A. McKinnie - mckinal01,3-pt jump shot,miss,24.0,,,,,,,,,,,,,,,,,,,,,,,
443532,/boxscores/202003070CLE.html,regular,Quicken Loans Arena Cleveland Ohio,March 7 2020,7:30 PM,CLE,1,161,DEN,Defensive rebound by M. Morris,27,CLE,,18,,,,,,,,,,M. Morris - morrimo01,defensive,,,,,,,,,,,,,,,,
443533,/boxscores/202003070CLE.html,regular,Quicken Loans Arena Cleveland Ohio,March 7 2020,7:30 PM,CLE,1,158,DEN,W. Barton misses 3-pt jump shot from 26 ft,27,CLE,,18,W. Barton - bartowi01,3-pt jump shot,miss,26.0,,,,,,,,,,,,,,,,,,,,,,,
443534,/boxscores/202003070CLE.html,regular,Quicken Loans Arena Cleveland Ohio,March 7 2020,7:30 PM,CLE,1,156,DEN,Offensive rebound by Team,27,CLE,,18,,,,,,,,,,Team,offensive,,,,,,,,,,,,,,,,
443535,/boxscores/202003070CLE.html,regular,Quicken Loans Arena Cleveland Ohio,March 7 2020,7:30 PM,CLE,1,156,DEN,T. Craig enters the game for W. Barton,27,CLE,,18,,,,,,,,,,,,,,,,,,T. Craig - craigto01,W. Barton - bartowi01,,,,,,,,
443536,/boxscores/202003070CLE.html,regular,Quicken Loans Arena Cleveland Ohio,March 7 2020,7:30 PM,CLE,1,156,DEN,J. Murray enters the game for G. Harris,27,CLE,,18,,,,,,,,,,,,,,,,,,J. Murray - murraja01,G. Harris - harriga01,,,,,,,,
443537,/boxscores/202003070CLE.html,regular,Quicken Loans Arena Cleveland Ohio,March 7 2020,7:30 PM,CLE,1,145,DEN,J. Grant misses 2-pt jump shot from 23 ft,27,CLE,,18,J. Grant - grantje01,2-pt jump shot,miss,23.0,,,,,,,,,,,,,,,,,,,,,,,
443538,/boxscores/202003070CLE.html,regular,Quicken Loans Arena Cleveland Ohio,March 7 2020,7:30 PM,CLE,1,142,DEN,,27,CLE,Defensive rebound by T. Thompson,18,,,,,,,,,,T. Thompson - thomptr01,defensive,,,,,,,,,,,,,,,,
443539,/boxscores/202003070CLE.html,regular,Quicken Loans Arena Cleveland Ohio,March 7 2020,7:30 PM,CLE,1,130,DEN,,27,CLE,A. McKinnie makes 2-pt jump shot from 9 ft (assist by L. Nance),20,A. McKinnie - mckinal01,2-pt jump shot,make,9.0,L. Nance - nancela02,,,,,,,,,,,,,,,,,,,,,,
443540,/boxscores/202003070CLE.html,regular,Quicken Loans Arena Cleveland Ohio,March 7 2020,7:30 PM,CLE,1,106,DEN,N. Joki misses 3-pt jump shot from 23 ft,27,CLE,,20,N. Jokić - jokicni01,3-pt jump shot,miss,23.0,,,,,,,,,,,,,,,,,,,,,,,
443541,/boxscores/202003070CLE.html,regular,Quicken Loans Arena Cleveland Ohio,March 7 2020,7:30 PM,CLE,1,104,DEN,,27,CLE,Defensive rebound by A. McKinnie,20,,,,,,,,,,A. McKinnie - mckinal01,defensive,,,,,,,,,,,,,,,,
443542,/boxscores/202003070CLE.html,regular,Quicken Loans Arena Cleveland Ohio,March 7 2020,7:30 PM,CLE,1,96,DEN,,27,CLE,Shooting foul by N. Joki (drawn by T. Thompson),20,,,,,,,shooting,N. Jokić - jokicni01,T. Thompson - thomptr01,,,,,,,,,,,,,,,,,,
443543,/boxscores/202003070CLE.html,regular,Quicken Loans Arena Cleveland Ohio,March 7 2020,7:30 PM,CLE,1,96,DEN,,27,CLE,T. Thompson makes free throw 1 of 2,21,,,,,,,,,,,,,,,T. Thompson - thomptr01,make,1 of 2,,,,,,,,,,
443544,/boxscores/202003070CLE.html,regular,Quicken Loans Arena Cleveland Ohio,March 7 2020,7:30 PM,CLE,1,96,DEN,M. Plumlee enters the game for N. Joki,27,CLE,,21,,,,,,,,,,,,,,,,,,M. Plumlee - plumlma01,N. Jokić - jokicni01,,,,,,,,
443545,/boxscores/202003070CLE.html,regular,Quicken Loans Arena Cleveland Ohio,March 7 2020,7:30 PM,CLE,1,96,DEN,,27,CLE,M. Dellavedova enters the game for C. Sexton,21,,,,,,,,,,,,,,,,,,M. Dellavedova - dellama01,C. Sexton - sextoco01,,,,,,,,
443546,/boxscores/202003070CLE.html,regular,Quicken Loans Arena Cleveland Ohio,March 7 2020,7:30 PM,CLE,1,96,DEN,,27,CLE,T. Thompson misses free throw 2 of 2,21,,,,,,,,,,,,,,,T. Thompson - thomptr01,miss,2 of 2,,,,,,,,,,
443547,/boxscores/202003070CLE.html,regular,Quicken Loans Arena Cleveland Ohio,March 7 2020,7:30 PM,CLE,1,94,DEN,Defensive rebound by M. Plumlee,27,CLE,,21,,,,,,,,,,M. Plumlee - plumlma01,defensive,,,,,,,,,,,,,,,,
443548,/boxscores/202003070CLE.html,regular,Quicken Loans Arena Cleveland Ohio,March 7 2020,7:30 PM,CLE,1,83,DEN,T. Craig misses 3-pt jump shot from 23 ft,27,CLE,,21,T. Craig - craigto01,3-pt jump shot,miss,23.0,,,,,,,,,,,,,,,,,,,,,,,
443549,/boxscores/202003070CLE.html,regular,Quicken Loans Arena Cleveland Ohio,March 7 2020,7:30 PM,CLE,1,80,DEN,,27,CLE,Defensive rebound by A. McKinnie,21,,,,,,,,,,A. McKinnie - mckinal01,defensive,,,,,,,,,,,,,,,,
443550,/boxscores/202003070CLE.html,regular,Quicken Loans Arena Cleveland Ohio,March 7 2020,7:30 PM,CLE,1,67,DEN,,27,CLE,T. Thompson misses 2-pt hook shot from 4 ft,21,T. Thompson - thomptr01,2-pt hook shot,miss,4.0,,,,,,,,,,,,,,,,,,,,,,,
443551,/boxscores/202003070CLE.html,regular,Quicken Loans Arena Cleveland Ohio,March 7 2020,7:30 PM,CLE,1,65,DEN,Defensive rebound by J. Grant,27,CLE,,21,,,,,,,,,,J. Grant - grantje01,defensive,,,,,,,,,,,,,,,,
443552,/boxscores/202003070CLE.html,regular,Quicken Loans Arena Cleveland Ohio,March 7 2020,7:30 PM,CLE,1,62,DEN,Offensive foul by J. Grant (drawn by C. Osman),27,CLE,,21,,,,,,,offensive,J. Grant - grantje01,C. Osman - osmande01,,,,,,,,,,,,,,,,,,
443553,/boxscores/202003070CLE.html,regular,Quicken Loans Arena Cleveland Ohio,March 7 2020,7:30 PM,CLE,1,62,DEN,Turnover by J. Grant (offensive foul),27,CLE,,21,,,,,,,,,,,,,,,,,,,,J. Grant - grantje01,offensive foul,,,,,,
443554,/boxscores/202003070CLE.html,regular,Quicken Loans Arena Cleveland Ohio,March 7 2020,7:30 PM,CLE,1,62,DEN,,27,CLE,A. ii enters the game for T. Thompson,21,,,,,,,,,,,,,,,,,,A. Žižić - zizican01,T. Thompson - thomptr01,,,,,,,,
443555,/boxscores/202003070CLE.html,regular,Quicken Loans Arena Cleveland Ohio,March 7 2020,7:30 PM,CLE,1,52,DEN,,27,CLE,C. Osman makes 2-pt layup from 1 ft (assist by M. Dellavedova),23,C. Osman - osmande01,2-pt layup,make,1.0,M. Dellavedova - dellama01,,,,,,,,,,,,,,,,,,,,,,
443556,/boxscores/202003070CLE.html,regular,Quicken Loans Arena Cleveland Ohio,March 7 2020,7:30 PM,CLE,1,32,DEN,J. Murray misses 3-pt jump shot from 25 ft,27,CLE,,23,J. Murray - murraja01,3-pt jump shot,miss,25.0,,,,,,,,,,,,,,,,,,,,,,,
443557,/boxscores/202003070CLE.html,regular,Quicken Loans Arena Cleveland Ohio,March 7 2020,7:30 PM,CLE,1,25,DEN,Offensive rebound by J. Murray,27,CLE,,23,,,,,,,,,,J. Murray - murraja01,offensive,,,,,,,,,,,,,,,,
443558,/boxscores/202003070CLE.html,regular,Quicken Loans Arena Cleveland Ohio,March 7 2020,7:30 PM,CLE,1,24,DEN,M. Morris makes 3-pt jump shot from 24 ft (assist by M. Plumlee),30,CLE,,23,M. Morris - morrimo01,3-pt jump shot,make,24.0,M. Plumlee - plumlma01,,,,,,,,,,,,,,,,,,,,,,
443559,/boxscores/202003070CLE.html,regular,Quicken Loans Arena Cleveland Ohio,March 7 2020,7:30 PM,CLE,1,3,DEN,,30,CLE,Turnover by M. Dellavedova (lost ball; steal by M. Morris),23,,,,,,,,,,,,,,,,,,,,M. Dellavedova - dellama01,lost ball,steal,M. Morris - morrimo01,,,,
443560,/boxscores/202003070CLE.html,regular,Quicken Loans Arena Cleveland Ohio,March 7 2020,7:30 PM,CLE,1,1,DEN,J. Murray makes 3-pt jump shot from 35 ft (assist by T. Craig),33,CLE,,23,J. Murray - murraja01,3-pt jump shot,make,35.0,T. Craig - craigto01,,,,,,,,,,,,,,,,,,,,,,
443561,/boxscores/202003070CLE.html,regular,Quicken Loans Arena Cleveland Ohio,March 7 2020,7:30 PM,CLE,1,0,DEN,Instant Replay (Request: Ruling Stands),33,CLE,,23,,,,,,,,,,,,,,,,,,,,,,,,,,,
443562,/boxscores/202003070CLE.html,regular,Quicken Loans Arena Cleveland Ohio,March 7 2020,7:30 PM,CLE,1,0,DEN,End of 1st quarter,33,CLE,,23,,,,,,,,,,,,,,,,,,,,,,,,,,,
443563,/boxscores/202003070CLE.html,regular,Quicken Loans Arena Cleveland Ohio,March 7 2020,7:30 PM,CLE,2,705,DEN,,33,CLE,Personal foul by T. Craig (drawn by L. Nance),23,,,,,,,personal,T. Craig - craigto01,L. Nance - nancela02,,,,,,,,,,,,,,,,,,
443564,/boxscores/202003070CLE.html,regular,Quicken Loans Arena Cleveland Ohio,March 7 2020,7:30 PM,CLE,2,690,DEN,,33,CLE,L. Nance makes 2-pt hook shot from 4 ft,25,L. Nance - nancela02,2-pt hook shot,make,4.0,,,,,,,,,,,,,,,,,,,,,,,
443565,/boxscores/202003070CLE.html,regular,Quicken Loans Arena Cleveland Ohio,March 7 2020,7:30 PM,CLE,2,666,DEN,M. Morris makes 2-pt jump shot from 13 ft,35,CLE,,25,M. Morris - morrimo01,2-pt jump shot,make,13.0,,,,,,,,,,,,,,,,,,,,,,,
443566,/boxscores/202003070CLE.html,regular,Quicken Loans Arena Cleveland Ohio,March 7 2020,7:30 PM,CLE,2,652,DEN,,35,CLE,C. Osman makes 3-pt jump shot from 26 ft,28,C. Osman - osmande01,3-pt jump shot,make,26.0,,,,,,,,,,,,,,,,,,,,,,,
443567,/boxscores/202003070CLE.html,regular,Quicken Loans Arena Cleveland Ohio,March 7 2020,7:30 PM,CLE,2,652,DEN,,35,CLE,Shooting foul by T. Craig (drawn by C. Osman),28,,,,,,,shooting,T. Craig - craigto01,C. Osman - osmande01,,,,,,,,,,,,,,,,,,
443568,/boxscores/202003070CLE.html,regular,Quicken Loans Arena Cleveland Ohio,March 7 2020,7:30 PM,CLE,2,652,DEN,,35,CLE,C. Osman makes free throw 1 of 1,29,,,,,,,,,,,,,,,C. Osman - osmande01,make,1 of 1,,,,,,,,,,
443569,/boxscores/202003070CLE.html,regular,Quicken Loans Arena Cleveland Ohio,March 7 2020,7:30 PM,CLE,2,631,DEN,J. Grant makes 3-pt jump shot from 23 ft (assist by T. Craig),38,CLE,,29,J. Grant - grantje01,3-pt jump shot,make,23.0,T. Craig - craigto01,,,,,,,,,,,,,,,,,,,,,,
443570,/boxscores/202003070CLE.html,regular,Quicken Loans Arena Cleveland Ohio,March 7 2020,7:30 PM,CLE,2,620,DEN,,38,CLE,K. Love makes 3-pt jump shot from 27 ft (assist by M. Dellavedova),32,K. Love - loveke01,3-pt jump shot,make,27.0,M. Dellavedova - dellama01,,,,,,,,,,,,,,,,,,,,,,
443571,/boxscores/202003070CLE.html,regular,Quicken Loans Arena Cleveland Ohio,March 7 2020,7:30 PM,CLE,2,597,DEN,T. Craig misses 3-pt jump shot from 27 ft,38,CLE,,32,T. Craig - craigto01,3-pt jump shot,miss,27.0,,,,,,,,,,,,,,,,,,,,,,,
443572,/boxscores/202003070CLE.html,regular,Quicken Loans Arena Cleveland Ohio,March 7 2020,7:30 PM,CLE,2,592,DEN,,38,CLE,Defensive rebound by K. Love,32,,,,,,,,,,K. Love - loveke01,defensive,,,,,,,,,,,,,,,,
443573,/boxscores/202003070CLE.html,regular,Quicken Loans Arena Cleveland Ohio,March 7 2020,7:30 PM,CLE,2,581,DEN,,38,CLE,A. ii misses 2-pt layup at rim,32,A. Žižić - zizican01,2-pt layup,miss,0.0,,,,,,,,,,,,,,,,,,,,,,,
443574,/boxscores/202003070CLE.html,regular,Quicken Loans Arena Cleveland Ohio,March 7 2020,7:30 PM,CLE,2,578,DEN,Defensive rebound by J. Grant,38,CLE,,32,,,,,,,,,,J. Grant - grantje01,defensive,,,,,,,,,,,,,,,,
443575,/boxscores/202003070CLE.html,regular,Quicken Loans Arena Cleveland Ohio,March 7 2020,7:30 PM,CLE,2,570,DEN,J. Grant makes 2-pt jump shot from 16 ft (assist by J. Murray),40,CLE,,32,J. Grant - grantje01,2-pt jump shot,make,16.0,J. Murray - murraja01,,,,,,,,,,,,,,,,,,,,,,
443576,/boxscores/202003070CLE.html,regular,Quicken Loans Arena Cleveland Ohio,March 7 2020,7:30 PM,CLE,2,546,DEN,,40,CLE,C. Osman misses 2-pt layup at rim,32,C. Osman - osmande01,2-pt layup,miss,0.0,,,,,,,,,,,,,,,,,,,,,,,
443577,/boxscores/202003070CLE.html,regular,Quicken Loans Arena Cleveland Ohio,March 7 2020,7:30 PM,CLE,2,543,DEN,Defensive rebound by T. Craig,40,CLE,,32,,,,,,,,,,T. Craig - craigto01,defensive,,,,,,,,,,,,,,,,
443578,/boxscores/202003070CLE.html,regular,Quicken Loans Arena Cleveland Ohio,March 7 2020,7:30 PM,CLE,2,540,DEN,M. Morris misses 3-pt jump shot from 24 ft,40,CLE,,32,M. Morris - morrimo01,3-pt jump shot,miss,24.0,,,,,,,,,,,,,,,,,,,,,,,
443579,/boxscores/202003070CLE.html,regular,Quicken Loans Arena Cleveland Ohio,March 7 2020,7:30 PM,CLE,2,538,DEN,,40,CLE,Defensive rebound by Team,32,,,,,,,,,,Team,defensive,,,,,,,,,,,,,,,,
443580,/boxscores/202003070CLE.html,regular,Quicken Loans Arena Cleveland Ohio,March 7 2020,7:30 PM,CLE,2,538,DEN,M. Porter enters the game for T. Craig,40,CLE,,32,,,,,,,,,,,,,,,,,,M. Porter - portemi01,T. Craig - craigto01,,,,,,,,
443581,/boxscores/202003070CLE.html,regular,Quicken Loans Arena Cleveland Ohio,March 7 2020,7:30 PM,CLE,2,532,DEN,Violation by Team (kicked ball),40,CLE,,32,,,,,,,,,,,,Team,kicked ball,,,,,,,,,,,,,,
443582,/boxscores/202003070CLE.html,regular,Quicken Loans Arena Cleveland Ohio,March 7 2020,7:30 PM,CLE,2,532,DEN,W. Barton enters the game for J. Murray,40,CLE,,32,,,,,,,,,,,,,,,,,,W. Barton - bartowi01,J. Murray - murraja01,,,,,,,,
443583,/boxscores/202003070CLE.html,regular,Quicken Loans Arena Cleveland Ohio,March 7 2020,7:30 PM,CLE,2,532,DEN,,40,CLE,C. Sexton enters the game for A. ii,32,,,,,,,,,,,,,,,,,,C. Sexton - sextoco01,A. Žižić - zizican01,,,,,,,,
443584,/boxscores/202003070CLE.html,regular,Quicken Loans Arena Cleveland Ohio,March 7 2020,7:30 PM,CLE,2,528,DEN,,40,CLE,K. Love misses 3-pt jump shot from 29 ft,32,K. Love - loveke01,3-pt jump shot,miss,29.0,,,,,,,,,,,,,,,,,,,,,,,
443585,/boxscores/202003070CLE.html,regular,Quicken Loans Arena Cleveland Ohio,March 7 2020,7:30 PM,CLE,2,525,DEN,,40,CLE,Offensive rebound by M. Dellavedova,32,,,,,,,,,,M. Dellavedova - dellama01,offensive,,,,,,,,,,,,,,,,
443586,/boxscores/202003070CLE.html,regular,Quicken Loans Arena Cleveland Ohio,March 7 2020,7:30 PM,CLE,2,522,DEN,,40,CLE,K. Love makes 3-pt jump shot from 26 ft (assist by M. Dellavedova),35,K. Love - loveke01,3-pt jump shot,make,26.0,M. Dellavedova - dellama01,,,,,,,,,,,,,,,,,,,,,,
443587,/boxscores/202003070CLE.html,regular,Quicken Loans Arena Cleveland Ohio,March 7 2020,7:30 PM,CLE,2,502,DEN,Shooting foul by K. Love (drawn by M. Plumlee),40,CLE,,35,,,,,,,shooting,K. Love - loveke01,M. Plumlee - plumlma01,,,,,,,,,,,,,,,,,,
443588,/boxscores/202003070CLE.html,regular,Quicken Loans Arena Cleveland Ohio,March 7 2020,7:30 PM,CLE,2,502,DEN,M. Plumlee misses free throw 1 of 2,40,CLE,,35,,,,,,,,,,,,,,,M. Plumlee - plumlma01,miss,1 of 2,,,,,,,,,,
443589,/boxscores/202003070CLE.html,regular,Quicken Loans Arena Cleveland Ohio,March 7 2020,7:30 PM,CLE,2,502,DEN,Offensive rebound by Team,40,CLE,,35,,,,,,,,,,Team,offensive,,,,,,,,,,,,,,,,
443590,/boxscores/202003070CLE.html,regular,Quicken Loans Arena Cleveland Ohio,March 7 2020,7:30 PM,CLE,2,502,DEN,M. Plumlee makes free throw 2 of 2,41,CLE,,35,,,,,,,,,,,,,,,M. Plumlee - plumlma01,make,2 of 2,,,,,,,,,,
443591,/boxscores/202003070CLE.html,regular,Quicken Loans Arena Cleveland Ohio,March 7 2020,7:30 PM,CLE,2,490,DEN,,41,CLE,K. Love makes 2-pt layup from 1 ft (assist by M. Dellavedova),37,K. Love - loveke01,2-pt layup,make,1.0,M. Dellavedova - dellama01,,,,,,,,,,,,,,,,,,,,,,
443592,/boxscores/202003070CLE.html,regular,Quicken Loans Arena Cleveland Ohio,March 7 2020,7:30 PM,CLE,2,477,DEN,M. Plumlee makes 2-pt dunk at rim (assist by M. Morris),43,CLE,,37,M. Plumlee - plumlma01,2-pt dunk,make,0.0,M. Morris - morrimo01,,,,,,,,,,,,,,,,,,,,,,
443593,/boxscores/202003070CLE.html,regular,Quicken Loans Arena Cleveland Ohio,March 7 2020,7:30 PM,CLE,2,470,DEN,,43,CLE,C. Osman makes 3-pt jump shot from 26 ft (assist by M. Dellavedova),40,C. Osman - osmande01,3-pt jump shot,make,26.0,M. Dellavedova - dellama01,,,,,,,,,,,,,,,,,,,,,,
443594,/boxscores/202003070CLE.html,regular,Quicken Loans Arena Cleveland Ohio,March 7 2020,7:30 PM,CLE,2,469,DEN,Denver full timeout,43,CLE,,40,,,,,,,,,,,,,,DEN,,,,,,,,,,,,,
443595,/boxscores/202003070CLE.html,regular,Quicken Loans Arena Cleveland Ohio,March 7 2020,7:30 PM,CLE,2,469,DEN,,43,CLE,T. Thompson enters the game for L. Nance,40,,,,,,,,,,,,,,,,,,T. Thompson - thomptr01,L. Nance - nancela02,,,,,,,,
443596,/boxscores/202003070CLE.html,regular,Quicken Loans Arena Cleveland Ohio,March 7 2020,7:30 PM,CLE,2,447,DEN,M. Plumlee misses 2-pt jump shot from 4 ft,43,CLE,,40,M. Plumlee - plumlma01,2-pt jump shot,miss,4.0,,,,,,,,,,,,,,,,,,,,,,,
443597,/boxscores/202003070CLE.html,regular,Quicken Loans Arena Cleveland Ohio,March 7 2020,7:30 PM,CLE,2,445,DEN,,43,CLE,Defensive rebound by T. Thompson,40,,,,,,,,,,T. Thompson - thomptr01,defensive,,,,,,,,,,,,,,,,
443598,/boxscores/202003070CLE.html,regular,Quicken Loans Arena Cleveland Ohio,March 7 2020,7:30 PM,CLE,2,442,DEN,,43,CLE,C. Sexton makes 2-pt layup from 1 ft (assist by M. Dellavedova),42,C. Sexton - sextoco01,2-pt layup,make,1.0,M. Dellavedova - dellama01,,,,,,,,,,,,,,,,,,,,,,
443599,/boxscores/202003070CLE.html,regular,Quicken Loans Arena Cleveland Ohio,March 7 2020,7:30 PM,CLE,2,431,DEN,W. Barton makes 2-pt layup from 2 ft,45,CLE,,42,W. Barton - bartowi01,2-pt layup,make,2.0,,,,,,,,,,,,,,,,,,,,,,,
443600,/boxscores/202003070CLE.html,regular,Quicken Loans Arena Cleveland Ohio,March 7 2020,7:30 PM,CLE,2,415,DEN,,45,CLE,C. Sexton misses 2-pt jump shot from 10 ft,42,C. Sexton - sextoco01,2-pt jump shot,miss,10.0,,,,,,,,,,,,,,,,,,,,,,,
443601,/boxscores/202003070CLE.html,regular,Quicken Loans Arena Cleveland Ohio,March 7 2020,7:30 PM,CLE,2,413,DEN,Defensive rebound by W. Barton,45,CLE,,42,,,,,,,,,,W. Barton - bartowi01,defensive,,,,,,,,,,,,,,,,
443602,/boxscores/202003070CLE.html,regular,Quicken Loans Arena Cleveland Ohio,March 7 2020,7:30 PM,CLE,2,407,DEN,M. Porter misses 3-pt jump shot from 27 ft,45,CLE,,42,M. Porter - portemi01,3-pt jump shot,miss,27.0,,,,,,,,,,,,,,,,,,,,,,,
443603,/boxscores/202003070CLE.html,regular,Quicken Loans Arena Cleveland Ohio,March 7 2020,7:30 PM,CLE,2,403,DEN,,45,CLE,Defensive rebound by C. Osman,42,,,,,,,,,,C. Osman - osmande01,defensive,,,,,,,,,,,,,,,,
443604,/boxscores/202003070CLE.html,regular,Quicken Loans Arena Cleveland Ohio,March 7 2020,7:30 PM,CLE,2,396,DEN,,45,CLE,Turnover by C. Osman (lost ball; steal by M. Porter),42,,,,,,,,,,,,,,,,,,,,C. Osman - osmande01,lost ball,steal,M. Porter - portemi01,,,,
443605,/boxscores/202003070CLE.html,regular,Quicken Loans Arena Cleveland Ohio,March 7 2020,7:30 PM,CLE,2,396,DEN,Personal take foul by K. Love (drawn by M. Porter),45,CLE,,42,,,,,,,personal take,K. Love - loveke01,M. Porter - portemi01,,,,,,,,,,,,,,,,,,
443606,/boxscores/202003070CLE.html,regular,Quicken Loans Arena Cleveland Ohio,March 7 2020,7:30 PM,CLE,2,396,DEN,G. Harris enters the game for M. Morris,45,CLE,,42,,,,,,,,,,,,,,,,,,G. Harris - harriga01,M. Morris - morrimo01,,,,,,,,
443607,/boxscores/202003070CLE.html,regular,Quicken Loans Arena Cleveland Ohio,March 7 2020,7:30 PM,CLE,2,396,DEN,N. Joki enters the game for M. Plumlee,45,CLE,,42,,,,,,,,,,,,,,,,,,N. Jokić - jokicni01,M. Plumlee - plumlma01,,,,,,,,
443608,/boxscores/202003070CLE.html,regular,Quicken Loans Arena Cleveland Ohio,March 7 2020,7:30 PM,CLE,2,396,DEN,,45,CLE,A. McKinnie enters the game for C. Osman,42,,,,,,,,,,,,,,,,,,A. McKinnie - mckinal01,C. Osman - osmande01,,,,,,,,
443609,/boxscores/202003070CLE.html,regular,Quicken Loans Arena Cleveland Ohio,March 7 2020,7:30 PM,CLE,2,383,DEN,G. Harris makes 2-pt layup from 1 ft (assist by N. Joki),47,CLE,,42,G. Harris - harriga01,2-pt layup,make,1.0,N. Jokić - jokicni01,,,,,,,,,,,,,,,,,,,,,,
443610,/boxscores/202003070CLE.html,regular,Quicken Loans Arena Cleveland Ohio,March 7 2020,7:30 PM,CLE,2,372,DEN,,47,CLE,C. Sexton makes 2-pt dunk from 1 ft (assist by M. Dellavedova),44,C. Sexton - sextoco01,2-pt dunk,make,1.0,M. Dellavedova - dellama01,,,,,,,,,,,,,,,,,,,,,,
443611,/boxscores/202003070CLE.html,regular,Quicken Loans Arena Cleveland Ohio,March 7 2020,7:30 PM,CLE,2,357,DEN,W. Barton makes 2-pt layup from 2 ft (assist by N. Joki),49,CLE,,44,W. Barton - bartowi01,2-pt layup,make,2.0,N. Jokić - jokicni01,,,,,,,,,,,,,,,,,,,,,,
443612,/boxscores/202003070CLE.html,regular,Quicken Loans Arena Cleveland Ohio,March 7 2020,7:30 PM,CLE,2,343,DEN,,49,CLE,Personal foul by J. Grant (drawn by C. Sexton),44,,,,,,,personal,J. Grant - grantje01,C. Sexton - sextoco01,,,,,,,,,,,,,,,,,,
443613,/boxscores/202003070CLE.html,regular,Quicken Loans Arena Cleveland Ohio,March 7 2020,7:30 PM,CLE,2,343,DEN,P. Millsap enters the game for J. Grant,49,CLE,,44,,,,,,,,,,,,,,,,,,P. Millsap - millspa01,J. Grant - grantje01,,,,,,,,
443614,/boxscores/202003070CLE.html,regular,Quicken Loans Arena Cleveland Ohio,March 7 2020,7:30 PM,CLE,2,343,DEN,,49,CLE,L. Nance enters the game for M. Dellavedova,44,,,,,,,,,,,,,,,,,,L. Nance - nancela02,M. Dellavedova - dellama01,,,,,,,,
443615,/boxscores/202003070CLE.html,regular,Quicken Loans Arena Cleveland Ohio,March 7 2020,7:30 PM,CLE,2,330,DEN,,49,CLE,Turnover by T. Thompson (lost ball; steal by G. Harris),44,,,,,,,,,,,,,,,,,,,,T. Thompson - thomptr01,lost ball,steal,G. Harris - harriga01,,,,
443616,/boxscores/202003070CLE.html,regular,Quicken Loans Arena Cleveland Ohio,March 7 2020,7:30 PM,CLE,2,320,DEN,M. Porter makes 3-pt jump shot from 23 ft (assist by W. Barton),52,CLE,,44,M. Porter - portemi01,3-pt jump shot,make,23.0,W. Barton - bartowi01,,,,,,,,,,,,,,,,,,,,,,
443617,/boxscores/202003070CLE.html,regular,Quicken Loans Arena Cleveland Ohio,March 7 2020,7:30 PM,CLE,2,291,DEN,,52,CLE,L. Nance makes 2-pt dunk at rim (assist by T. Thompson),46,L. Nance - nancela02,2-pt dunk,make,0.0,T. Thompson - thomptr01,,,,,,,,,,,,,,,,,,,,,,
443618,/boxscores/202003070CLE.html,regular,Quicken Loans Arena Cleveland Ohio,March 7 2020,7:30 PM,CLE,2,262,DEN,N. Joki makes 2-pt jump shot from 14 ft,54,CLE,,46,N. Jokić - jokicni01,2-pt jump shot,make,14.0,,,,,,,,,,,,,,,,,,,,,,,
443619,/boxscores/202003070CLE.html,regular,Quicken Loans Arena Cleveland Ohio,March 7 2020,7:30 PM,CLE,2,244,DEN,,54,CLE,C. Sexton makes 2-pt jump shot from 11 ft (assist by T. Thompson),48,C. Sexton - sextoco01,2-pt jump shot,make,11.0,T. Thompson - thomptr01,,,,,,,,,,,,,,,,,,,,,,
443620,/boxscores/202003070CLE.html,regular,Quicken Loans Arena Cleveland Ohio,March 7 2020,7:30 PM,CLE,2,230,DEN,W. Barton makes 2-pt layup from 1 ft (assist by N. Joki),56,CLE,,48,W. Barton - bartowi01,2-pt layup,make,1.0,N. Jokić - jokicni01,,,,,,,,,,,,,,,,,,,,,,
443621,/boxscores/202003070CLE.html,regular,Quicken Loans Arena Cleveland Ohio,March 7 2020,7:30 PM,CLE,2,230,DEN,Shooting foul by A. McKinnie (drawn by W. Barton),56,CLE,,48,,,,,,,shooting,A. McKinnie - mckinal01,W. Barton - bartowi01,,,,,,,,,,,,,,,,,,
443622,/boxscores/202003070CLE.html,regular,Quicken Loans Arena Cleveland Ohio,March 7 2020,7:30 PM,CLE,2,230,DEN,J. Murray enters the game for M. Porter,56,CLE,,48,,,,,,,,,,,,,,,,,,J. Murray - murraja01,M. Porter - portemi01,,,,,,,,
443623,/boxscores/202003070CLE.html,regular,Quicken Loans Arena Cleveland Ohio,March 7 2020,7:30 PM,CLE,2,230,DEN,W. Barton makes free throw 1 of 1,57,CLE,,48,,,,,,,,,,,,,,,W. Barton - bartowi01,make,1 of 1,,,,,,,,,,
443624,/boxscores/202003070CLE.html,regular,Quicken Loans Arena Cleveland Ohio,March 7 2020,7:30 PM,CLE,2,215,DEN,,57,CLE,L. Nance misses 3-pt jump shot from 24 ft,48,L. Nance - nancela02,3-pt jump shot,miss,24.0,,,,,,,,,,,,,,,,,,,,,,,
443625,/boxscores/202003070CLE.html,regular,Quicken Loans Arena Cleveland Ohio,March 7 2020,7:30 PM,CLE,2,215,DEN,,57,CLE,Offensive rebound by Team,48,,,,,,,,,,Team,offensive,,,,,,,,,,,,,,,,
443626,/boxscores/202003070CLE.html,regular,Quicken Loans Arena Cleveland Ohio,March 7 2020,7:30 PM,CLE,2,215,DEN,Loose ball foul by J. Murray (drawn by T. Thompson),57,CLE,,48,,,,,,,loose ball,J. Murray - murraja01,T. Thompson - thomptr01,,,,,,,,,,,,,,,,,,
443627,/boxscores/202003070CLE.html,regular,Quicken Loans Arena Cleveland Ohio,March 7 2020,7:30 PM,CLE,2,208,DEN,,57,CLE,Turnover by C. Sexton (bad pass; steal by G. Harris),48,,,,,,,,,,,,,,,,,,,,C. Sexton - sextoco01,bad pass,steal,G. Harris - harriga01,,,,
443628,/boxscores/202003070CLE.html,regular,Quicken Loans Arena Cleveland Ohio,March 7 2020,7:30 PM,CLE,2,199,DEN,W. Barton misses 3-pt jump shot from 26 ft,57,CLE,,48,W. Barton - bartowi01,3-pt jump shot,miss,26.0,,,,,,,,,,,,,,,,,,,,,,,
443629,/boxscores/202003070CLE.html,regular,Quicken Loans Arena Cleveland Ohio,March 7 2020,7:30 PM,CLE,2,195,DEN,,57,CLE,Defensive rebound by T. Thompson,48,,,,,,,,,,T. Thompson - thomptr01,defensive,,,,,,,,,,,,,,,,
443630,/boxscores/202003070CLE.html,regular,Quicken Loans Arena Cleveland Ohio,March 7 2020,7:30 PM,CLE,2,180,DEN,,57,CLE,T. Thompson makes 2-pt dunk at rim,50,T. Thompson - thomptr01,2-pt dunk,make,0.0,,,,,,,,,,,,,,,,,,,,,,,
443631,/boxscores/202003070CLE.html,regular,Quicken Loans Arena Cleveland Ohio,March 7 2020,7:30 PM,CLE,2,167,DEN,Personal foul by A. McKinnie (drawn by N. Joki),57,CLE,,50,,,,,,,personal,A. McKinnie - mckinal01,N. Jokić - jokicni01,,,,,,,,,,,,,,,,,,
443632,/boxscores/202003070CLE.html,regular,Quicken Loans Arena Cleveland Ohio,March 7 2020,7:30 PM,CLE,2,167,DEN,,57,CLE,Cleveland full timeout,50,,,,,,,,,,,,,,CLE,,,,,,,,,,,,,
443633,/boxscores/202003070CLE.html,regular,Quicken Loans Arena Cleveland Ohio,March 7 2020,7:30 PM,CLE,2,167,DEN,,57,CLE,C. Osman enters the game for A. McKinnie,50,,,,,,,,,,,,,,,,,,C. Osman - osmande01,A. McKinnie - mckinal01,,,,,,,,
443634,/boxscores/202003070CLE.html,regular,Quicken Loans Arena Cleveland Ohio,March 7 2020,7:30 PM,CLE,2,155,DEN,N. Joki makes 2-pt jump shot from 17 ft,59,CLE,,50,N. Jokić - jokicni01,2-pt jump shot,make,17.0,,,,,,,,,,,,,,,,,,,,,,,
443635,/boxscores/202003070CLE.html,regular,Quicken Loans Arena Cleveland Ohio,March 7 2020,7:30 PM,CLE,2,131,DEN,,59,CLE,T. Thompson misses 2-pt hook shot from 6 ft,50,T. Thompson - thomptr01,2-pt hook shot,miss,6.0,,,,,,,,,,,,,,,,,,,,,,,
443636,/boxscores/202003070CLE.html,regular,Quicken Loans Arena Cleveland Ohio,March 7 2020,7:30 PM,CLE,2,129,DEN,Defensive rebound by N. Joki,59,CLE,,50,,,,,,,,,,N. Jokić - jokicni01,defensive,,,,,,,,,,,,,,,,
443637,/boxscores/202003070CLE.html,regular,Quicken Loans Arena Cleveland Ohio,March 7 2020,7:30 PM,CLE,2,118,DEN,Turnover by P. Millsap (bad pass; steal by C. Sexton),59,CLE,,50,,,,,,,,,,,,,,,,,,,,P. Millsap - millspa01,bad pass,steal,C. Sexton - sextoco01,,,,
443638,/boxscores/202003070CLE.html,regular,Quicken Loans Arena Cleveland Ohio,March 7 2020,7:30 PM,CLE,2,114,DEN,,59,CLE,C. Sexton makes 2-pt dunk from 1 ft,52,C. Sexton - sextoco01,2-pt dunk,make,1.0,,,,,,,,,,,,,,,,,,,,,,,
443639,/boxscores/202003070CLE.html,regular,Quicken Loans Arena Cleveland Ohio,March 7 2020,7:30 PM,CLE,2,93,DEN,N. Joki misses 2-pt layup from 8 ft,59,CLE,,52,N. Jokić - jokicni01,2-pt layup,miss,8.0,,,,,,,,,,,,,,,,,,,,,,,
443640,/boxscores/202003070CLE.html,regular,Quicken Loans Arena Cleveland Ohio,March 7 2020,7:30 PM,CLE,2,89,DEN,Offensive rebound by N. Joki,59,CLE,,52,,,,,,,,,,N. Jokić - jokicni01,offensive,,,,,,,,,,,,,,,,
443641,/boxscores/202003070CLE.html,regular,Quicken Loans Arena Cleveland Ohio,March 7 2020,7:30 PM,CLE,2,86,DEN,W. Barton misses 3-pt jump shot from 26 ft,59,CLE,,52,W. Barton - bartowi01,3-pt jump shot,miss,26.0,,,,,,,,,,,,,,,,,,,,,,,
443642,/boxscores/202003070CLE.html,regular,Quicken Loans Arena Cleveland Ohio,March 7 2020,7:30 PM,CLE,2,82,DEN,,59,CLE,Defensive rebound by T. Thompson,52,,,,,,,,,,T. Thompson - thomptr01,defensive,,,,,,,,,,,,,,,,
443643,/boxscores/202003070CLE.html,regular,Quicken Loans Arena Cleveland Ohio,March 7 2020,7:30 PM,CLE,2,76,DEN,,59,CLE,K. Love makes 2-pt jump shot from 20 ft (assist by C. Sexton),54,K. Love - loveke01,2-pt jump shot,make,20.0,C. Sexton - sextoco01,,,,,,,,,,,,,,,,,,,,,,
443644,/boxscores/202003070CLE.html,regular,Quicken Loans Arena Cleveland Ohio,March 7 2020,7:30 PM,CLE,2,62,DEN,J. Murray makes 2-pt jump shot from 16 ft,61,CLE,,54,J. Murray - murraja01,2-pt jump shot,make,16.0,,,,,,,,,,,,,,,,,,,,,,,
443645,/boxscores/202003070CLE.html,regular,Quicken Loans Arena Cleveland Ohio,March 7 2020,7:30 PM,CLE,2,48,DEN,,61,CLE,C. Sexton makes 2-pt jump shot from 13 ft,56,C. Sexton - sextoco01,2-pt jump shot,make,13.0,,,,,,,,,,,,,,,,,,,,,,,
443646,/boxscores/202003070CLE.html,regular,Quicken Loans Arena Cleveland Ohio,March 7 2020,7:30 PM,CLE,2,36,DEN,Turnover by N. Joki (bad pass),61,CLE,,56,,,,,,,,,,,,,,,,,,,,N. Jokić - jokicni01,bad pass,,,,,,
443647,/boxscores/202003070CLE.html,regular,Quicken Loans Arena Cleveland Ohio,March 7 2020,7:30 PM,CLE,2,36,DEN,M. Plumlee enters the game for N. Joki,61,CLE,,56,,,,,,,,,,,,,,,,,,M. Plumlee - plumlma01,N. Jokić - jokicni01,,,,,,,,
443648,/boxscores/202003070CLE.html,regular,Quicken Loans Arena Cleveland Ohio,March 7 2020,7:30 PM,CLE,2,36,DEN,M. Porter enters the game for J. Murray,61,CLE,,56,,,,,,,,,,,,,,,,,,M. Porter - portemi01,J. Murray - murraja01,,,,,,,,
443649,/boxscores/202003070CLE.html,regular,Quicken Loans Arena Cleveland Ohio,March 7 2020,7:30 PM,CLE,2,32,DEN,,61,CLE,K. Love misses 3-pt jump shot from 33 ft,56,K. Love - loveke01,3-pt jump shot,miss,33.0,,,,,,,,,,,,,,,,,,,,,,,
443650,/boxscores/202003070CLE.html,regular,Quicken Loans Arena Cleveland Ohio,March 7 2020,7:30 PM,CLE,2,29,DEN,Defensive rebound by W. Barton,61,CLE,,56,,,,,,,,,,W. Barton - bartowi01,defensive,,,,,,,,,,,,,,,,
443651,/boxscores/202003070CLE.html,regular,Quicken Loans Arena Cleveland Ohio,March 7 2020,7:30 PM,CLE,2,8,DEN,W. Barton misses 3-pt jump shot from 25 ft,61,CLE,,56,W. Barton - bartowi01,3-pt jump shot,miss,25.0,,,,,,,,,,,,,,,,,,,,,,,
443652,/boxscores/202003070CLE.html,regular,Quicken Loans Arena Cleveland Ohio,March 7 2020,7:30 PM,CLE,2,5,DEN,,61,CLE,Defensive rebound by K. Love,56,,,,,,,,,,K. Love - loveke01,defensive,,,,,,,,,,,,,,,,
443653,/boxscores/202003070CLE.html,regular,Quicken Loans Arena Cleveland Ohio,March 7 2020,7:30 PM,CLE,2,3,DEN,,61,CLE,T. Thompson makes 2-pt dunk from 1 ft (assist by K. Love),58,T. Thompson - thomptr01,2-pt dunk,make,1.0,K. Love - loveke01,,,,,,,,,,,,,,,,,,,,,,
443654,/boxscores/202003070CLE.html,regular,Quicken Loans Arena Cleveland Ohio,March 7 2020,7:30 PM,CLE,2,1,DEN,M. Porter misses 3-pt jump shot from 40 ft,61,CLE,,58,M. Porter - portemi01,3-pt jump shot,miss,40.0,,,,,,,,,,,,,,,,,,,,,,,
443655,/boxscores/202003070CLE.html,regular,Quicken Loans Arena Cleveland Ohio,March 7 2020,7:30 PM,CLE,2,0,DEN,Offensive rebound by Team,61,CLE,,58,,,,,,,,,,Team,offensive,,,,,,,,,,,,,,,,
443656,/boxscores/202003070CLE.html,regular,Quicken Loans Arena Cleveland Ohio,March 7 2020,7:30 PM,CLE,2,0,DEN,End of 2nd quarter,61,CLE,,58,,,,,,,,,,,,,,,,,,,,,,,,,,,
443657,/boxscores/202003070CLE.html,regular,Quicken Loans Arena Cleveland Ohio,March 7 2020,7:30 PM,CLE,3,697,DEN,,61,CLE,Shooting foul by W. Barton (drawn by K. Love),58,,,,,,,shooting,W. Barton - bartowi01,K. Love - loveke01,,,,,,,,,,,,,,,,,,
443658,/boxscores/202003070CLE.html,regular,Quicken Loans Arena Cleveland Ohio,March 7 2020,7:30 PM,CLE,3,697,DEN,,61,CLE,K. Love makes free throw 1 of 2,59,,,,,,,,,,,,,,,K. Love - loveke01,make,1 of 2,,,,,,,,,,
443659,/boxscores/202003070CLE.html,regular,Quicken Loans Arena Cleveland Ohio,March 7 2020,7:30 PM,CLE,3,697,DEN,,61,CLE,K. Love makes free throw 2 of 2,60,,,,,,,,,,,,,,,K. Love - loveke01,make,2 of 2,,,,,,,,,,
443660,/boxscores/202003070CLE.html,regular,Quicken Loans Arena Cleveland Ohio,March 7 2020,7:30 PM,CLE,3,685,DEN,J. Murray misses 3-pt jump shot from 27 ft,61,CLE,,60,J. Murray - murraja01,3-pt jump shot,miss,27.0,,,,,,,,,,,,,,,,,,,,,,,
443661,/boxscores/202003070CLE.html,regular,Quicken Loans Arena Cleveland Ohio,March 7 2020,7:30 PM,CLE,3,682,DEN,,61,CLE,Defensive rebound by T. Thompson,60,,,,,,,,,,T. Thompson - thomptr01,defensive,,,,,,,,,,,,,,,,
443662,/boxscores/202003070CLE.html,regular,Quicken Loans Arena Cleveland Ohio,March 7 2020,7:30 PM,CLE,3,667,DEN,,61,CLE,M. Dellavedova makes 2-pt layup from 1 ft (assist by K. Love),62,M. Dellavedova - dellama01,2-pt layup,make,1.0,K. Love - loveke01,,,,,,,,,,,,,,,,,,,,,,
443663,/boxscores/202003070CLE.html,regular,Quicken Loans Arena Cleveland Ohio,March 7 2020,7:30 PM,CLE,3,654,DEN,J. Murray makes 2-pt layup from 1 ft (assist by N. Joki),63,CLE,,62,J. Murray - murraja01,2-pt layup,make,1.0,N. Jokić - jokicni01,,,,,,,,,,,,,,,,,,,,,,
443664,/boxscores/202003070CLE.html,regular,Quicken Loans Arena Cleveland Ohio,March 7 2020,7:30 PM,CLE,3,634,DEN,,63,CLE,C. Osman makes 2-pt layup at rim (assist by M. Dellavedova),64,C. Osman - osmande01,2-pt layup,make,0.0,M. Dellavedova - dellama01,,,,,,,,,,,,,,,,,,,,,,
443665,/boxscores/202003070CLE.html,regular,Quicken Loans Arena Cleveland Ohio,March 7 2020,7:30 PM,CLE,3,612,DEN,G. Harris makes 2-pt layup from 1 ft (assist by N. Joki),65,CLE,,64,G. Harris - harriga01,2-pt layup,make,1.0,N. Jokić - jokicni01,,,,,,,,,,,,,,,,,,,,,,
443666,/boxscores/202003070CLE.html,regular,Quicken Loans Arena Cleveland Ohio,March 7 2020,7:30 PM,CLE,3,595,DEN,,65,CLE,C. Osman makes 3-pt jump shot from 23 ft (assist by C. Sexton),67,C. Osman - osmande01,3-pt jump shot,make,23.0,C. Sexton - sextoco01,,,,,,,,,,,,,,,,,,,,,,
443667,/boxscores/202003070CLE.html,regular,Quicken Loans Arena Cleveland Ohio,March 7 2020,7:30 PM,CLE,3,594,DEN,Denver full timeout,65,CLE,,67,,,,,,,,,,,,,,DEN,,,,,,,,,,,,,
443668,/boxscores/202003070CLE.html,regular,Quicken Loans Arena Cleveland Ohio,March 7 2020,7:30 PM,CLE,3,576,DEN,J. Murray makes 2-pt jump shot from 18 ft (assist by N. Joki),67,CLE,,67,J. Murray - murraja01,2-pt jump shot,make,18.0,N. Jokić - jokicni01,,,,,,,,,,,,,,,,,,,,,,
443669,/boxscores/202003070CLE.html,regular,Quicken Loans Arena Cleveland Ohio,March 7 2020,7:30 PM,CLE,3,559,DEN,,67,CLE,C. Sexton makes 3-pt jump shot from 28 ft (assist by M. Dellavedova),70,C. Sexton - sextoco01,3-pt jump shot,make,28.0,M. Dellavedova - dellama01,,,,,,,,,,,,,,,,,,,,,,
443670,/boxscores/202003070CLE.html,regular,Quicken Loans Arena Cleveland Ohio,March 7 2020,7:30 PM,CLE,3,548,DEN,Personal foul by M. Dellavedova (drawn by J. Murray),67,CLE,,70,,,,,,,personal,M. Dellavedova - dellama01,J. Murray - murraja01,,,,,,,,,,,,,,,,,,
443671,/boxscores/202003070CLE.html,regular,Quicken Loans Arena Cleveland Ohio,March 7 2020,7:30 PM,CLE,3,541,DEN,Turnover by N. Joki (lost ball; steal by C. Sexton),67,CLE,,70,,,,,,,,,,,,,,,,,,,,N. Jokić - jokicni01,lost ball,steal,C. Sexton - sextoco01,,,,
443672,/boxscores/202003070CLE.html,regular,Quicken Loans Arena Cleveland Ohio,March 7 2020,7:30 PM,CLE,3,537,DEN,,67,CLE,C. Sexton makes 2-pt layup from 1 ft,72,C. Sexton - sextoco01,2-pt layup,make,1.0,,,,,,,,,,,,,,,,,,,,,,,
443673,/boxscores/202003070CLE.html,regular,Quicken Loans Arena Cleveland Ohio,March 7 2020,7:30 PM,CLE,3,537,DEN,,67,CLE,Technical foul by ,72,,,,,,,technical, - tmptmp01c,,,,,,,,,,,,,,,,,,,
443674,/boxscores/202003070CLE.html,regular,Quicken Loans Arena Cleveland Ohio,March 7 2020,7:30 PM,CLE,3,537,DEN,,67,CLE,K. Love misses technical free throw,72,,,,,,,,,,,,,,,K. Love - loveke01,miss,technical,,,,,,,,,,
443675,/boxscores/202003070CLE.html,regular,Quicken Loans Arena Cleveland Ohio,March 7 2020,7:30 PM,CLE,3,537,DEN,Defensive rebound by Team,67,CLE,,72,,,,,,,,,,Team,defensive,,,,,,,,,,,,,,,,
443676,/boxscores/202003070CLE.html,regular,Quicken Loans Arena Cleveland Ohio,March 7 2020,7:30 PM,CLE,3,519,DEN,W. Barton makes 2-pt layup from 1 ft (assist by J. Murray),69,CLE,,72,W. Barton - bartowi01,2-pt layup,make,1.0,J. Murray - murraja01,,,,,,,,,,,,,,,,,,,,,,
443677,/boxscores/202003070CLE.html,regular,Quicken Loans Arena Cleveland Ohio,March 7 2020,7:30 PM,CLE,3,504,DEN,,69,CLE,C. Sexton misses 3-pt jump shot from 25 ft,72,C. Sexton - sextoco01,3-pt jump shot,miss,25.0,,,,,,,,,,,,,,,,,,,,,,,
443678,/boxscores/202003070CLE.html,regular,Quicken Loans Arena Cleveland Ohio,March 7 2020,7:30 PM,CLE,3,500,DEN,,69,CLE,Offensive rebound by M. Dellavedova,72,,,,,,,,,,M. Dellavedova - dellama01,offensive,,,,,,,,,,,,,,,,
443679,/boxscores/202003070CLE.html,regular,Quicken Loans Arena Cleveland Ohio,March 7 2020,7:30 PM,CLE,3,488,DEN,,69,CLE,Turnover by C. Sexton (lost ball; steal by G. Harris),72,,,,,,,,,,,,,,,,,,,,C. Sexton - sextoco01,lost ball,steal,G. Harris - harriga01,,,,
443680,/boxscores/202003070CLE.html,regular,Quicken Loans Arena Cleveland Ohio,March 7 2020,7:30 PM,CLE,3,480,DEN,J. Murray misses 3-pt jump shot from 27 ft,69,CLE,,72,J. Murray - murraja01,3-pt jump shot,miss,27.0,,,,,,,,,,,,,,,,,,,,,,,
443681,/boxscores/202003070CLE.html,regular,Quicken Loans Arena Cleveland Ohio,March 7 2020,7:30 PM,CLE,3,475,DEN,,69,CLE,Defensive rebound by C. Sexton,72,,,,,,,,,,C. Sexton - sextoco01,defensive,,,,,,,,,,,,,,,,
443682,/boxscores/202003070CLE.html,regular,Quicken Loans Arena Cleveland Ohio,March 7 2020,7:30 PM,CLE,3,471,DEN,,69,CLE,K. Love misses 3-pt jump shot from 25 ft,72,K. Love - loveke01,3-pt jump shot,miss,25.0,,,,,,,,,,,,,,,,,,,,,,,
443683,/boxscores/202003070CLE.html,regular,Quicken Loans Arena Cleveland Ohio,March 7 2020,7:30 PM,CLE,3,467,DEN,Defensive rebound by N. Joki,69,CLE,,72,,,,,,,,,,N. Jokić - jokicni01,defensive,,,,,,,,,,,,,,,,
443684,/boxscores/202003070CLE.html,regular,Quicken Loans Arena Cleveland Ohio,March 7 2020,7:30 PM,CLE,3,463,DEN,Personal foul by M. Dellavedova (drawn by N. Joki),69,CLE,,72,,,,,,,personal,M. Dellavedova - dellama01,N. Jokić - jokicni01,,,,,,,,,,,,,,,,,,
443685,/boxscores/202003070CLE.html,regular,Quicken Loans Arena Cleveland Ohio,March 7 2020,7:30 PM,CLE,3,463,DEN,,69,CLE,L. Nance enters the game for M. Dellavedova,72,,,,,,,,,,,,,,,,,,L. Nance - nancela02,M. Dellavedova - dellama01,,,,,,,,
443686,/boxscores/202003070CLE.html,regular,Quicken Loans Arena Cleveland Ohio,March 7 2020,7:30 PM,CLE,3,463,DEN,Offensive foul by P. Millsap (drawn by C. Sexton),69,CLE,,72,,,,,,,offensive,P. Millsap - millspa01,C. Sexton - sextoco01,,,,,,,,,,,,,,,,,,
443687,/boxscores/202003070CLE.html,regular,Quicken Loans Arena Cleveland Ohio,March 7 2020,7:30 PM,CLE,3,463,DEN,Turnover by P. Millsap (offensive foul),69,CLE,,72,,,,,,,,,,,,,,,,,,,,P. Millsap - millspa01,offensive foul,,,,,,
443688,/boxscores/202003070CLE.html,regular,Quicken Loans Arena Cleveland Ohio,March 7 2020,7:30 PM,CLE,3,449,DEN,,69,CLE,C. Osman makes 3-pt jump shot from 25 ft (assist by T. Thompson),75,C. Osman - osmande01,3-pt jump shot,make,25.0,T. Thompson - thomptr01,,,,,,,,,,,,,,,,,,,,,,
443689,/boxscores/202003070CLE.html,regular,Quicken Loans Arena Cleveland Ohio,March 7 2020,7:30 PM,CLE,3,434,DEN,P. Millsap makes 2-pt layup from 2 ft (assist by J. Murray),71,CLE,,75,P. Millsap - millspa01,2-pt layup,make,2.0,J. Murray - murraja01,,,,,,,,,,,,,,,,,,,,,,
443690,/boxscores/202003070CLE.html,regular,Quicken Loans Arena Cleveland Ohio,March 7 2020,7:30 PM,CLE,3,413,DEN,,71,CLE,K. Love misses 3-pt jump shot from 26 ft,75,K. Love - loveke01,3-pt jump shot,miss,26.0,,,,,,,,,,,,,,,,,,,,,,,
443691,/boxscores/202003070CLE.html,regular,Quicken Loans Arena Cleveland Ohio,March 7 2020,7:30 PM,CLE,3,409,DEN,,71,CLE,Offensive rebound by T. Thompson,75,,,,,,,,,,T. Thompson - thomptr01,offensive,,,,,,,,,,,,,,,,
443692,/boxscores/202003070CLE.html,regular,Quicken Loans Arena Cleveland Ohio,March 7 2020,7:30 PM,CLE,3,408,DEN,,71,CLE,Turnover by T. Thompson (traveling),75,,,,,,,,,,,,,,,,,,,,T. Thompson - thomptr01,traveling,,,,,,
443693,/boxscores/202003070CLE.html,regular,Quicken Loans Arena Cleveland Ohio,March 7 2020,7:30 PM,CLE,3,395,DEN,P. Millsap misses 2-pt jump shot from 5 ft,71,CLE,,75,P. Millsap - millspa01,2-pt jump shot,miss,5.0,,,,,,,,,,,,,,,,,,,,,,,
443694,/boxscores/202003070CLE.html,regular,Quicken Loans Arena Cleveland Ohio,March 7 2020,7:30 PM,CLE,3,394,DEN,Offensive rebound by J. Murray,71,CLE,,75,,,,,,,,,,J. Murray - murraja01,offensive,,,,,,,,,,,,,,,,
443695,/boxscores/202003070CLE.html,regular,Quicken Loans Arena Cleveland Ohio,March 7 2020,7:30 PM,CLE,3,394,DEN,J. Murray makes 2-pt dunk from 1 ft,73,CLE,,75,J. Murray - murraja01,2-pt dunk,make,1.0,,,,,,,,,,,,,,,,,,,,,,,
443696,/boxscores/202003070CLE.html,regular,Quicken Loans Arena Cleveland Ohio,March 7 2020,7:30 PM,CLE,3,394,DEN,,73,CLE,Cleveland full timeout,75,,,,,,,,,,,,,,CLE,,,,,,,,,,,,,
443697,/boxscores/202003070CLE.html,regular,Quicken Loans Arena Cleveland Ohio,March 7 2020,7:30 PM,CLE,3,394,DEN,,73,CLE,A. McKinnie enters the game for K. Love,75,,,,,,,,,,,,,,,,,,A. McKinnie - mckinal01,K. Love - loveke01,,,,,,,,
443698,/boxscores/202003070CLE.html,regular,Quicken Loans Arena Cleveland Ohio,March 7 2020,7:30 PM,CLE,3,385,DEN,,73,CLE,Personal foul by P. Millsap (drawn by L. Nance),75,,,,,,,personal,P. Millsap - millspa01,L. Nance - nancela02,,,,,,,,,,,,,,,,,,
443699,/boxscores/202003070CLE.html,regular,Quicken Loans Arena Cleveland Ohio,March 7 2020,7:30 PM,CLE,3,378,DEN,,73,CLE,Turnover by C. Sexton (lost ball; steal by N. Joki),75,,,,,,,,,,,,,,,,,,,,C. Sexton - sextoco01,lost ball,steal,N. Jokić - jokicni01,,,,
443700,/boxscores/202003070CLE.html,regular,Quicken Loans Arena Cleveland Ohio,March 7 2020,7:30 PM,CLE,3,378,DEN,Personal foul by C. Osman (drawn by J. Murray),73,CLE,,75,,,,,,,personal,C. Osman - osmande01,J. Murray - murraja01,,,,,,,,,,,,,,,,,,
443701,/boxscores/202003070CLE.html,regular,Quicken Loans Arena Cleveland Ohio,March 7 2020,7:30 PM,CLE,3,372,DEN,Offensive foul by W. Barton (drawn by C. Sexton),73,CLE,,75,,,,,,,offensive,W. Barton - bartowi01,C. Sexton - sextoco01,,,,,,,,,,,,,,,,,,
443702,/boxscores/202003070CLE.html,regular,Quicken Loans Arena Cleveland Ohio,March 7 2020,7:30 PM,CLE,3,372,DEN,Turnover by W. Barton (offensive foul),73,CLE,,75,,,,,,,,,,,,,,,,,,,,W. Barton - bartowi01,offensive foul,,,,,,
443703,/boxscores/202003070CLE.html,regular,Quicken Loans Arena Cleveland Ohio,March 7 2020,7:30 PM,CLE,3,351,DEN,,73,CLE,C. Sexton makes 2-pt jump shot from 17 ft,77,C. Sexton - sextoco01,2-pt jump shot,make,17.0,,,,,,,,,,,,,,,,,,,,,,,
443704,/boxscores/202003070CLE.html,regular,Quicken Loans Arena Cleveland Ohio,March 7 2020,7:30 PM,CLE,3,332,DEN,J. Murray misses 3-pt jump shot from 27 ft,73,CLE,,77,J. Murray - murraja01,3-pt jump shot,miss,27.0,,,,,,,,,,,,,,,,,,,,,,,
443705,/boxscores/202003070CLE.html,regular,Quicken Loans Arena Cleveland Ohio,March 7 2020,7:30 PM,CLE,3,329,DEN,,73,CLE,Defensive rebound by C. Sexton,77,,,,,,,,,,C. Sexton - sextoco01,defensive,,,,,,,,,,,,,,,,
443706,/boxscores/202003070CLE.html,regular,Quicken Loans Arena Cleveland Ohio,March 7 2020,7:30 PM,CLE,3,325,DEN,,73,CLE,Turnover by C. Sexton (lost ball; steal by G. Harris),77,,,,,,,,,,,,,,,,,,,,C. Sexton - sextoco01,lost ball,steal,G. Harris - harriga01,,,,
443707,/boxscores/202003070CLE.html,regular,Quicken Loans Arena Cleveland Ohio,March 7 2020,7:30 PM,CLE,3,318,DEN,Turnover by G. Harris (bad pass; steal by A. McKinnie),73,CLE,,77,,,,,,,,,,,,,,,,,,,,G. Harris - harriga01,bad pass,steal,A. McKinnie - mckinal01,,,,
443708,/boxscores/202003070CLE.html,regular,Quicken Loans Arena Cleveland Ohio,March 7 2020,7:30 PM,CLE,3,317,DEN,,73,CLE,Turnover by A. McKinnie (palming),77,,,,,,,,,,,,,,,,,,,,A. McKinnie - mckinal01,palming,,,,,,
443709,/boxscores/202003070CLE.html,regular,Quicken Loans Arena Cleveland Ohio,March 7 2020,7:30 PM,CLE,3,317,DEN,,73,CLE,M. Dellavedova enters the game for C. Osman,77,,,,,,,,,,,,,,,,,,M. Dellavedova - dellama01,C. Osman - osmande01,,,,,,,,
443710,/boxscores/202003070CLE.html,regular,Quicken Loans Arena Cleveland Ohio,March 7 2020,7:30 PM,CLE,3,300,DEN,P. Millsap makes 2-pt dunk at rim (assist by W. Barton),75,CLE,,77,P. Millsap - millspa01,2-pt dunk,make,0.0,W. Barton - bartowi01,,,,,,,,,,,,,,,,,,,,,,
443711,/boxscores/202003070CLE.html,regular,Quicken Loans Arena Cleveland Ohio,March 7 2020,7:30 PM,CLE,3,286,DEN,,75,CLE,C. Sexton misses 2-pt jump shot from 13 ft,77,C. Sexton - sextoco01,2-pt jump shot,miss,13.0,,,,,,,,,,,,,,,,,,,,,,,
443712,/boxscores/202003070CLE.html,regular,Quicken Loans Arena Cleveland Ohio,March 7 2020,7:30 PM,CLE,3,285,DEN,,75,CLE,Offensive rebound by Team,77,,,,,,,,,,Team,offensive,,,,,,,,,,,,,,,,
443713,/boxscores/202003070CLE.html,regular,Quicken Loans Arena Cleveland Ohio,March 7 2020,7:30 PM,CLE,3,285,DEN,J. Grant enters the game for P. Millsap,75,CLE,,77,,,,,,,,,,,,,,,,,,J. Grant - grantje01,P. Millsap - millspa01,,,,,,,,
443714,/boxscores/202003070CLE.html,regular,Quicken Loans Arena Cleveland Ohio,March 7 2020,7:30 PM,CLE,3,285,DEN,M. Morris enters the game for J. Murray,75,CLE,,77,,,,,,,,,,,,,,,,,,M. Morris - morrimo01,J. Murray - murraja01,,,,,,,,
443715,/boxscores/202003070CLE.html,regular,Quicken Loans Arena Cleveland Ohio,March 7 2020,7:30 PM,CLE,3,280,DEN,,75,CLE,L. Nance misses 3-pt jump shot from 26 ft,77,L. Nance - nancela02,3-pt jump shot,miss,26.0,,,,,,,,,,,,,,,,,,,,,,,
443716,/boxscores/202003070CLE.html,regular,Quicken Loans Arena Cleveland Ohio,March 7 2020,7:30 PM,CLE,3,277,DEN,Defensive rebound by N. Joki,75,CLE,,77,,,,,,,,,,N. Jokić - jokicni01,defensive,,,,,,,,,,,,,,,,
443717,/boxscores/202003070CLE.html,regular,Quicken Loans Arena Cleveland Ohio,March 7 2020,7:30 PM,CLE,3,268,DEN,W. Barton misses 2-pt jump shot from 8 ft (block by T. Thompson),75,CLE,,77,W. Barton - bartowi01,2-pt jump shot,miss,8.0,,T. Thompson - thomptr01,,,,,,,,,,,,,,,,,,,,,
443718,/boxscores/202003070CLE.html,regular,Quicken Loans Arena Cleveland Ohio,March 7 2020,7:30 PM,CLE,3,268,DEN,Offensive rebound by Team,75,CLE,,77,,,,,,,,,,Team,offensive,,,,,,,,,,,,,,,,
443719,/boxscores/202003070CLE.html,regular,Quicken Loans Arena Cleveland Ohio,March 7 2020,7:30 PM,CLE,3,256,DEN,Shooting foul by C. Sexton (drawn by G. Harris),75,CLE,,77,,,,,,,shooting,C. Sexton - sextoco01,G. Harris - harriga01,,,,,,,,,,,,,,,,,,
443720,/boxscores/202003070CLE.html,regular,Quicken Loans Arena Cleveland Ohio,March 7 2020,7:30 PM,CLE,3,256,DEN,G. Harris misses free throw 1 of 2,75,CLE,,77,,,,,,,,,,,,,,,G. Harris - harriga01,miss,1 of 2,,,,,,,,,,
443721,/boxscores/202003070CLE.html,regular,Quicken Loans Arena Cleveland Ohio,March 7 2020,7:30 PM,CLE,3,256,DEN,Offensive rebound by Team,75,CLE,,77,,,,,,,,,,Team,offensive,,,,,,,,,,,,,,,,
443722,/boxscores/202003070CLE.html,regular,Quicken Loans Arena Cleveland Ohio,March 7 2020,7:30 PM,CLE,3,256,DEN,G. Harris makes free throw 2 of 2,76,CLE,,77,,,,,,,,,,,,,,,G. Harris - harriga01,make,2 of 2,,,,,,,,,,
443723,/boxscores/202003070CLE.html,regular,Quicken Loans Arena Cleveland Ohio,March 7 2020,7:30 PM,CLE,3,240,DEN,,76,CLE,T. Thompson makes 2-pt dunk from 2 ft (assist by M. Dellavedova),79,T. Thompson - thomptr01,2-pt dunk,make,2.0,M. Dellavedova - dellama01,,,,,,,,,,,,,,,,,,,,,,
443724,/boxscores/202003070CLE.html,regular,Quicken Loans Arena Cleveland Ohio,March 7 2020,7:30 PM,CLE,3,223,DEN,J. Grant misses 2-pt hook shot from 9 ft,76,CLE,,79,J. Grant - grantje01,2-pt hook shot,miss,9.0,,,,,,,,,,,,,,,,,,,,,,,
443725,/boxscores/202003070CLE.html,regular,Quicken Loans Arena Cleveland Ohio,March 7 2020,7:30 PM,CLE,3,221,DEN,,76,CLE,Defensive rebound by T. Thompson,79,,,,,,,,,,T. Thompson - thomptr01,defensive,,,,,,,,,,,,,,,,
443726,/boxscores/202003070CLE.html,regular,Quicken Loans Arena Cleveland Ohio,March 7 2020,7:30 PM,CLE,3,217,DEN,,76,CLE,A. McKinnie makes 2-pt dunk from 2 ft (assist by M. Dellavedova),81,A. McKinnie - mckinal01,2-pt dunk,make,2.0,M. Dellavedova - dellama01,,,,,,,,,,,,,,,,,,,,,,
443727,/boxscores/202003070CLE.html,regular,Quicken Loans Arena Cleveland Ohio,March 7 2020,7:30 PM,CLE,3,217,DEN,Denver full timeout,76,CLE,,81,,,,,,,,,,,,,,DEN,,,,,,,,,,,,,
443728,/boxscores/202003070CLE.html,regular,Quicken Loans Arena Cleveland Ohio,March 7 2020,7:30 PM,CLE,3,217,DEN,T. Craig enters the game for W. Barton,76,CLE,,81,,,,,,,,,,,,,,,,,,T. Craig - craigto01,W. Barton - bartowi01,,,,,,,,
443729,/boxscores/202003070CLE.html,regular,Quicken Loans Arena Cleveland Ohio,March 7 2020,7:30 PM,CLE,3,203,DEN,N. Joki makes 2-pt jump shot from 18 ft,78,CLE,,81,N. Jokić - jokicni01,2-pt jump shot,make,18.0,,,,,,,,,,,,,,,,,,,,,,,
443730,/boxscores/202003070CLE.html,regular,Quicken Loans Arena Cleveland Ohio,March 7 2020,7:30 PM,CLE,3,188,DEN,,78,CLE,M. Dellavedova makes 2-pt jump shot from 13 ft,83,M. Dellavedova - dellama01,2-pt jump shot,make,13.0,,,,,,,,,,,,,,,,,,,,,,,
443731,/boxscores/202003070CLE.html,regular,Quicken Loans Arena Cleveland Ohio,March 7 2020,7:30 PM,CLE,3,179,DEN,J. Grant misses 2-pt jump shot from 14 ft,78,CLE,,83,J. Grant - grantje01,2-pt jump shot,miss,14.0,,,,,,,,,,,,,,,,,,,,,,,
443732,/boxscores/202003070CLE.html,regular,Quicken Loans Arena Cleveland Ohio,March 7 2020,7:30 PM,CLE,3,177,DEN,,78,CLE,Defensive rebound by A. McKinnie,83,,,,,,,,,,A. McKinnie - mckinal01,defensive,,,,,,,,,,,,,,,,
443733,/boxscores/202003070CLE.html,regular,Quicken Loans Arena Cleveland Ohio,March 7 2020,7:30 PM,CLE,3,177,DEN,,78,CLE,Personal foul by T. Craig (drawn by A. McKinnie),83,,,,,,,personal,T. Craig - craigto01,A. McKinnie - mckinal01,,,,,,,,,,,,,,,,,,
443734,/boxscores/202003070CLE.html,regular,Quicken Loans Arena Cleveland Ohio,March 7 2020,7:30 PM,CLE,3,177,DEN,J. Murray enters the game for G. Harris,78,CLE,,83,,,,,,,,,,,,,,,,,,J. Murray - murraja01,G. Harris - harriga01,,,,,,,,
443735,/boxscores/202003070CLE.html,regular,Quicken Loans Arena Cleveland Ohio,March 7 2020,7:30 PM,CLE,3,177,DEN,,78,CLE,C. Osman enters the game for C. Sexton,83,,,,,,,,,,,,,,,,,,C. Osman - osmande01,C. Sexton - sextoco01,,,,,,,,
443736,/boxscores/202003070CLE.html,regular,Quicken Loans Arena Cleveland Ohio,March 7 2020,7:30 PM,CLE,3,170,DEN,,78,CLE,Personal foul by T. Craig (drawn by L. Nance),83,,,,,,,personal,T. Craig - craigto01,L. Nance - nancela02,,,,,,,,,,,,,,,,,,
443737,/boxscores/202003070CLE.html,regular,Quicken Loans Arena Cleveland Ohio,March 7 2020,7:30 PM,CLE,3,165,DEN,,78,CLE,M. Dellavedova misses 3-pt jump shot from 26 ft,83,M. Dellavedova - dellama01,3-pt jump shot,miss,26.0,,,,,,,,,,,,,,,,,,,,,,,
443738,/boxscores/202003070CLE.html,regular,Quicken Loans Arena Cleveland Ohio,March 7 2020,7:30 PM,CLE,3,162,DEN,,78,CLE,Offensive rebound by T. Thompson,83,,,,,,,,,,T. Thompson - thomptr01,offensive,,,,,,,,,,,,,,,,
443739,/boxscores/202003070CLE.html,regular,Quicken Loans Arena Cleveland Ohio,March 7 2020,7:30 PM,CLE,3,162,DEN,,78,CLE,Offensive foul by T. Thompson (drawn by N. Joki),83,,,,,,,offensive,T. Thompson - thomptr01,N. Jokić - jokicni01,,,,,,,,,,,,,,,,,,
443740,/boxscores/202003070CLE.html,regular,Quicken Loans Arena Cleveland Ohio,March 7 2020,7:30 PM,CLE,3,162,DEN,,78,CLE,Turnover by T. Thompson (offensive foul),83,,,,,,,,,,,,,,,,,,,,T. Thompson - thomptr01,offensive foul,,,,,,
443741,/boxscores/202003070CLE.html,regular,Quicken Loans Arena Cleveland Ohio,March 7 2020,7:30 PM,CLE,3,141,DEN,T. Craig makes 3-pt jump shot from 27 ft (assist by J. Murray),81,CLE,,83,T. Craig - craigto01,3-pt jump shot,make,27.0,J. Murray - murraja01,,,,,,,,,,,,,,,,,,,,,,
443742,/boxscores/202003070CLE.html,regular,Quicken Loans Arena Cleveland Ohio,March 7 2020,7:30 PM,CLE,3,125,DEN,,81,CLE,A. McKinnie misses 3-pt jump shot from 23 ft,83,A. McKinnie - mckinal01,3-pt jump shot,miss,23.0,,,,,,,,,,,,,,,,,,,,,,,
443743,/boxscores/202003070CLE.html,regular,Quicken Loans Arena Cleveland Ohio,March 7 2020,7:30 PM,CLE,3,122,DEN,Defensive rebound by N. Joki,81,CLE,,83,,,,,,,,,,N. Jokić - jokicni01,defensive,,,,,,,,,,,,,,,,
443744,/boxscores/202003070CLE.html,regular,Quicken Loans Arena Cleveland Ohio,March 7 2020,7:30 PM,CLE,3,122,DEN,M. Plumlee enters the game for N. Joki,81,CLE,,83,,,,,,,,,,,,,,,,,,M. Plumlee - plumlma01,N. Jokić - jokicni01,,,,,,,,
443745,/boxscores/202003070CLE.html,regular,Quicken Loans Arena Cleveland Ohio,March 7 2020,7:30 PM,CLE,3,122,DEN,,81,CLE,K. Love enters the game for T. Thompson,83,,,,,,,,,,,,,,,,,,K. Love - loveke01,T. Thompson - thomptr01,,,,,,,,
443746,/boxscores/202003070CLE.html,regular,Quicken Loans Arena Cleveland Ohio,March 7 2020,7:30 PM,CLE,3,107,DEN,M. Morris misses 2-pt jump shot from 5 ft,81,CLE,,83,M. Morris - morrimo01,2-pt jump shot,miss,5.0,,,,,,,,,,,,,,,,,,,,,,,
443747,/boxscores/202003070CLE.html,regular,Quicken Loans Arena Cleveland Ohio,March 7 2020,7:30 PM,CLE,3,105,DEN,,81,CLE,Defensive rebound by M. Dellavedova,83,,,,,,,,,,M. Dellavedova - dellama01,defensive,,,,,,,,,,,,,,,,
443748,/boxscores/202003070CLE.html,regular,Quicken Loans Arena Cleveland Ohio,March 7 2020,7:30 PM,CLE,3,104,DEN,,81,CLE,Turnover by M. Dellavedova (bad pass; steal by T. Craig),83,,,,,,,,,,,,,,,,,,,,M. Dellavedova - dellama01,bad pass,steal,T. Craig - craigto01,,,,
443749,/boxscores/202003070CLE.html,regular,Quicken Loans Arena Cleveland Ohio,March 7 2020,7:30 PM,CLE,3,101,DEN,Offensive foul by T. Craig (drawn by K. Love),81,CLE,,83,,,,,,,offensive,T. Craig - craigto01,K. Love - loveke01,,,,,,,,,,,,,,,,,,
443750,/boxscores/202003070CLE.html,regular,Quicken Loans Arena Cleveland Ohio,March 7 2020,7:30 PM,CLE,3,101,DEN,Turnover by T. Craig (offensive foul),81,CLE,,83,,,,,,,,,,,,,,,,,,,,T. Craig - craigto01,offensive foul,,,,,,
443751,/boxscores/202003070CLE.html,regular,Quicken Loans Arena Cleveland Ohio,March 7 2020,7:30 PM,CLE,3,88,DEN,,81,CLE,Turnover by L. Nance (traveling),83,,,,,,,,,,,,,,,,,,,,L. Nance - nancela02,traveling,,,,,,
443752,/boxscores/202003070CLE.html,regular,Quicken Loans Arena Cleveland Ohio,March 7 2020,7:30 PM,CLE,3,88,DEN,M. Porter enters the game for T. Craig,81,CLE,,83,,,,,,,,,,,,,,,,,,M. Porter - portemi01,T. Craig - craigto01,,,,,,,,
443753,/boxscores/202003070CLE.html,regular,Quicken Loans Arena Cleveland Ohio,March 7 2020,7:30 PM,CLE,3,71,DEN,M. Morris misses 2-pt jump shot from 21 ft,81,CLE,,83,M. Morris - morrimo01,2-pt jump shot,miss,21.0,,,,,,,,,,,,,,,,,,,,,,,
443754,/boxscores/202003070CLE.html,regular,Quicken Loans Arena Cleveland Ohio,March 7 2020,7:30 PM,CLE,3,68,DEN,,81,CLE,Defensive rebound by K. Love,83,,,,,,,,,,K. Love - loveke01,defensive,,,,,,,,,,,,,,,,
443755,/boxscores/202003070CLE.html,regular,Quicken Loans Arena Cleveland Ohio,March 7 2020,7:30 PM,CLE,3,63,DEN,,81,CLE,Turnover by M. Dellavedova (lost ball; steal by M. Plumlee),83,,,,,,,,,,,,,,,,,,,,M. Dellavedova - dellama01,lost ball,steal,M. Plumlee - plumlma01,,,,
443756,/boxscores/202003070CLE.html,regular,Quicken Loans Arena Cleveland Ohio,March 7 2020,7:30 PM,CLE,3,60,DEN,Shooting foul by C. Osman (drawn by M. Plumlee),81,CLE,,83,,,,,,,shooting,C. Osman - osmande01,M. Plumlee - plumlma01,,,,,,,,,,,,,,,,,,
443757,/boxscores/202003070CLE.html,regular,Quicken Loans Arena Cleveland Ohio,March 7 2020,7:30 PM,CLE,3,60,DEN,M. Plumlee misses free throw 1 of 2,81,CLE,,83,,,,,,,,,,,,,,,M. Plumlee - plumlma01,miss,1 of 2,,,,,,,,,,
443758,/boxscores/202003070CLE.html,regular,Quicken Loans Arena Cleveland Ohio,March 7 2020,7:30 PM,CLE,3,60,DEN,Offensive rebound by Team,81,CLE,,83,,,,,,,,,,Team,offensive,,,,,,,,,,,,,,,,
443759,/boxscores/202003070CLE.html,regular,Quicken Loans Arena Cleveland Ohio,March 7 2020,7:30 PM,CLE,3,60,DEN,M. Plumlee misses free throw 2 of 2,81,CLE,,83,,,,,,,,,,,,,,,M. Plumlee - plumlma01,miss,2 of 2,,,,,,,,,,
443760,/boxscores/202003070CLE.html,regular,Quicken Loans Arena Cleveland Ohio,March 7 2020,7:30 PM,CLE,3,57,DEN,,81,CLE,Defensive rebound by C. Osman,83,,,,,,,,,,C. Osman - osmande01,defensive,,,,,,,,,,,,,,,,
443761,/boxscores/202003070CLE.html,regular,Quicken Loans Arena Cleveland Ohio,March 7 2020,7:30 PM,CLE,3,44,DEN,,81,CLE,C. Osman misses 2-pt layup from 1 ft,83,C. Osman - osmande01,2-pt layup,miss,1.0,,,,,,,,,,,,,,,,,,,,,,,
443762,/boxscores/202003070CLE.html,regular,Quicken Loans Arena Cleveland Ohio,March 7 2020,7:30 PM,CLE,3,42,DEN,Defensive rebound by J. Murray,81,CLE,,83,,,,,,,,,,J. Murray - murraja01,defensive,,,,,,,,,,,,,,,,
443763,/boxscores/202003070CLE.html,regular,Quicken Loans Arena Cleveland Ohio,March 7 2020,7:30 PM,CLE,3,38,DEN,Turnover by J. Murray (bad pass; steal by M. Dellavedova),81,CLE,,83,,,,,,,,,,,,,,,,,,,,J. Murray - murraja01,bad pass,steal,M. Dellavedova - dellama01,,,,
443764,/boxscores/202003070CLE.html,regular,Quicken Loans Arena Cleveland Ohio,March 7 2020,7:30 PM,CLE,3,32,DEN,,81,CLE,L. Nance makes 2-pt layup from 1 ft (assist by M. Dellavedova),85,L. Nance - nancela02,2-pt layup,make,1.0,M. Dellavedova - dellama01,,,,,,,,,,,,,,,,,,,,,,
443765,/boxscores/202003070CLE.html,regular,Quicken Loans Arena Cleveland Ohio,March 7 2020,7:30 PM,CLE,3,14,DEN,J. Murray misses 2-pt jump shot from 8 ft,81,CLE,,85,J. Murray - murraja01,2-pt jump shot,miss,8.0,,,,,,,,,,,,,,,,,,,,,,,
443766,/boxscores/202003070CLE.html,regular,Quicken Loans Arena Cleveland Ohio,March 7 2020,7:30 PM,CLE,3,10,DEN,Offensive rebound by J. Murray,81,CLE,,85,,,,,,,,,,J. Murray - murraja01,offensive,,,,,,,,,,,,,,,,
443767,/boxscores/202003070CLE.html,regular,Quicken Loans Arena Cleveland Ohio,March 7 2020,7:30 PM,CLE,3,2,DEN,M. Morris makes 2-pt jump shot from 8 ft,83,CLE,,85,M. Morris - morrimo01,2-pt jump shot,make,8.0,,,,,,,,,,,,,,,,,,,,,,,
443768,/boxscores/202003070CLE.html,regular,Quicken Loans Arena Cleveland Ohio,March 7 2020,7:30 PM,CLE,3,0,DEN,End of 3rd quarter,83,CLE,,85,,,,,,,,,,,,,,,,,,,,,,,,,,,
443769,/boxscores/202003070CLE.html,regular,Quicken Loans Arena Cleveland Ohio,March 7 2020,7:30 PM,CLE,4,704,DEN,M. Porter makes 2-pt layup from 1 ft (assist by J. Grant),85,CLE,,85,M. Porter - portemi01,2-pt layup,make,1.0,J. Grant - grantje01,,,,,,,,,,,,,,,,,,,,,,
443770,/boxscores/202003070CLE.html,regular,Quicken Loans Arena Cleveland Ohio,March 7 2020,7:30 PM,CLE,4,690,DEN,,85,CLE,K. Love makes 3-pt jump shot from 26 ft (assist by L. Nance),88,K. Love - loveke01,3-pt jump shot,make,26.0,L. Nance - nancela02,,,,,,,,,,,,,,,,,,,,,,
443771,/boxscores/202003070CLE.html,regular,Quicken Loans Arena Cleveland Ohio,March 7 2020,7:30 PM,CLE,4,673,DEN,Personal foul by C. Osman (drawn by J. Murray),85,CLE,,88,,,,,,,personal,C. Osman - osmande01,J. Murray - murraja01,,,,,,,,,,,,,,,,,,
443772,/boxscores/202003070CLE.html,regular,Quicken Loans Arena Cleveland Ohio,March 7 2020,7:30 PM,CLE,4,657,DEN,Turnover by Team (shot clock),85,CLE,,88,,,,,,,,,,,,,,,,,,,,Team,shot clock,,,,,,
443773,/boxscores/202003070CLE.html,regular,Quicken Loans Arena Cleveland Ohio,March 7 2020,7:30 PM,CLE,4,649,DEN,,85,CLE,Offensive foul by L. Nance (drawn by J. Grant),88,,,,,,,offensive,L. Nance - nancela02,J. Grant - grantje01,,,,,,,,,,,,,,,,,,
443774,/boxscores/202003070CLE.html,regular,Quicken Loans Arena Cleveland Ohio,March 7 2020,7:30 PM,CLE,4,649,DEN,,85,CLE,Turnover by L. Nance (offensive foul),88,,,,,,,,,,,,,,,,,,,,L. Nance - nancela02,offensive foul,,,,,,
443775,/boxscores/202003070CLE.html,regular,Quicken Loans Arena Cleveland Ohio,March 7 2020,7:30 PM,CLE,4,627,DEN,Turnover by J. Murray (bad pass; steal by C. Osman),85,CLE,,88,,,,,,,,,,,,,,,,,,,,J. Murray - murraja01,bad pass,steal,C. Osman - osmande01,,,,
443776,/boxscores/202003070CLE.html,regular,Quicken Loans Arena Cleveland Ohio,March 7 2020,7:30 PM,CLE,4,622,DEN,,85,CLE,C. Sexton misses 3-pt jump shot from 25 ft,88,C. Sexton - sextoco01,3-pt jump shot,miss,25.0,,,,,,,,,,,,,,,,,,,,,,,
443777,/boxscores/202003070CLE.html,regular,Quicken Loans Arena Cleveland Ohio,March 7 2020,7:30 PM,CLE,4,619,DEN,,85,CLE,Offensive rebound by K. Love,88,,,,,,,,,,K. Love - loveke01,offensive,,,,,,,,,,,,,,,,
443778,/boxscores/202003070CLE.html,regular,Quicken Loans Arena Cleveland Ohio,March 7 2020,7:30 PM,CLE,4,618,DEN,,85,CLE,K. Love misses 2-pt layup from 2 ft,88,K. Love - loveke01,2-pt layup,miss,2.0,,,,,,,,,,,,,,,,,,,,,,,
443779,/boxscores/202003070CLE.html,regular,Quicken Loans Arena Cleveland Ohio,March 7 2020,7:30 PM,CLE,4,613,DEN,,85,CLE,Offensive rebound by L. Nance,88,,,,,,,,,,L. Nance - nancela02,offensive,,,,,,,,,,,,,,,,
443780,/boxscores/202003070CLE.html,regular,Quicken Loans Arena Cleveland Ohio,March 7 2020,7:30 PM,CLE,4,613,DEN,,85,CLE,L. Nance makes 2-pt dunk at rim,90,L. Nance - nancela02,2-pt dunk,make,0.0,,,,,,,,,,,,,,,,,,,,,,,
443781,/boxscores/202003070CLE.html,regular,Quicken Loans Arena Cleveland Ohio,March 7 2020,7:30 PM,CLE,4,599,DEN,Personal foul by C. Sexton (drawn by J. Grant),85,CLE,,90,,,,,,,personal,C. Sexton - sextoco01,J. Grant - grantje01,,,,,,,,,,,,,,,,,,
443782,/boxscores/202003070CLE.html,regular,Quicken Loans Arena Cleveland Ohio,March 7 2020,7:30 PM,CLE,4,599,DEN,W. Barton enters the game for J. Murray,85,CLE,,90,,,,,,,,,,,,,,,,,,W. Barton - bartowi01,J. Murray - murraja01,,,,,,,,
443783,/boxscores/202003070CLE.html,regular,Quicken Loans Arena Cleveland Ohio,March 7 2020,7:30 PM,CLE,4,592,DEN,Turnover by M. Porter (bad pass),85,CLE,,90,,,,,,,,,,,,,,,,,,,,M. Porter - portemi01,bad pass,,,,,,
443784,/boxscores/202003070CLE.html,regular,Quicken Loans Arena Cleveland Ohio,March 7 2020,7:30 PM,CLE,4,577,DEN,,85,CLE,C. Osman misses 2-pt jump shot from 7 ft,90,C. Osman - osmande01,2-pt jump shot,miss,7.0,,,,,,,,,,,,,,,,,,,,,,,
443785,/boxscores/202003070CLE.html,regular,Quicken Loans Arena Cleveland Ohio,March 7 2020,7:30 PM,CLE,4,575,DEN,Defensive rebound by M. Porter,85,CLE,,90,,,,,,,,,,M. Porter - portemi01,defensive,,,,,,,,,,,,,,,,
443786,/boxscores/202003070CLE.html,regular,Quicken Loans Arena Cleveland Ohio,March 7 2020,7:30 PM,CLE,4,570,DEN,M. Plumlee makes 2-pt dunk from 2 ft (assist by W. Barton),87,CLE,,90,M. Plumlee - plumlma01,2-pt dunk,make,2.0,W. Barton - bartowi01,,,,,,,,,,,,,,,,,,,,,,
443787,/boxscores/202003070CLE.html,regular,Quicken Loans Arena Cleveland Ohio,March 7 2020,7:30 PM,CLE,4,550,DEN,,87,CLE,C. Osman misses 3-pt jump shot from 29 ft,90,C. Osman - osmande01,3-pt jump shot,miss,29.0,,,,,,,,,,,,,,,,,,,,,,,
443788,/boxscores/202003070CLE.html,regular,Quicken Loans Arena Cleveland Ohio,March 7 2020,7:30 PM,CLE,4,546,DEN,,87,CLE,Offensive rebound by L. Nance,90,,,,,,,,,,L. Nance - nancela02,offensive,,,,,,,,,,,,,,,,
443789,/boxscores/202003070CLE.html,regular,Quicken Loans Arena Cleveland Ohio,March 7 2020,7:30 PM,CLE,4,544,DEN,,87,CLE,Turnover by L. Nance (lost ball; steal by J. Grant),90,,,,,,,,,,,,,,,,,,,,L. Nance - nancela02,lost ball,steal,J. Grant - grantje01,,,,
443790,/boxscores/202003070CLE.html,regular,Quicken Loans Arena Cleveland Ohio,March 7 2020,7:30 PM,CLE,4,544,DEN,Denver full timeout,87,CLE,,90,,,,,,,,,,,,,,DEN,,,,,,,,,,,,,
443791,/boxscores/202003070CLE.html,regular,Quicken Loans Arena Cleveland Ohio,March 7 2020,7:30 PM,CLE,4,544,DEN,,87,CLE,M. Dellavedova enters the game for K. Love,90,,,,,,,,,,,,,,,,,,M. Dellavedova - dellama01,K. Love - loveke01,,,,,,,,
443792,/boxscores/202003070CLE.html,regular,Quicken Loans Arena Cleveland Ohio,March 7 2020,7:30 PM,CLE,4,544,DEN,,87,CLE,T. Thompson enters the game for C. Osman,90,,,,,,,,,,,,,,,,,,T. Thompson - thomptr01,C. Osman - osmande01,,,,,,,,
443793,/boxscores/202003070CLE.html,regular,Quicken Loans Arena Cleveland Ohio,March 7 2020,7:30 PM,CLE,4,520,DEN,J. Grant makes 2-pt layup at rim (assist by M. Porter),89,CLE,,90,J. Grant - grantje01,2-pt layup,make,0.0,M. Porter - portemi01,,,,,,,,,,,,,,,,,,,,,,
443794,/boxscores/202003070CLE.html,regular,Quicken Loans Arena Cleveland Ohio,March 7 2020,7:30 PM,CLE,4,502,DEN,,89,CLE,Turnover by L. Nance (bad pass; steal by J. Grant),90,,,,,,,,,,,,,,,,,,,,L. Nance - nancela02,bad pass,steal,J. Grant - grantje01,,,,
443795,/boxscores/202003070CLE.html,regular,Quicken Loans Arena Cleveland Ohio,March 7 2020,7:30 PM,CLE,4,492,DEN,W. Barton makes 2-pt jump shot from 14 ft,91,CLE,,90,W. Barton - bartowi01,2-pt jump shot,make,14.0,,,,,,,,,,,,,,,,,,,,,,,
443796,/boxscores/202003070CLE.html,regular,Quicken Loans Arena Cleveland Ohio,March 7 2020,7:30 PM,CLE,4,475,DEN,,91,CLE,C. Sexton misses 2-pt jump shot from 14 ft,90,C. Sexton - sextoco01,2-pt jump shot,miss,14.0,,,,,,,,,,,,,,,,,,,,,,,
443797,/boxscores/202003070CLE.html,regular,Quicken Loans Arena Cleveland Ohio,March 7 2020,7:30 PM,CLE,4,472,DEN,Defensive rebound by M. Plumlee,91,CLE,,90,,,,,,,,,,M. Plumlee - plumlma01,defensive,,,,,,,,,,,,,,,,
443798,/boxscores/202003070CLE.html,regular,Quicken Loans Arena Cleveland Ohio,March 7 2020,7:30 PM,CLE,4,459,DEN,M. Plumlee misses 2-pt layup from 1 ft,91,CLE,,90,M. Plumlee - plumlma01,2-pt layup,miss,1.0,,,,,,,,,,,,,,,,,,,,,,,
443799,/boxscores/202003070CLE.html,regular,Quicken Loans Arena Cleveland Ohio,March 7 2020,7:30 PM,CLE,4,455,DEN,Offensive rebound by M. Plumlee,91,CLE,,90,,,,,,,,,,M. Plumlee - plumlma01,offensive,,,,,,,,,,,,,,,,
443800,/boxscores/202003070CLE.html,regular,Quicken Loans Arena Cleveland Ohio,March 7 2020,7:30 PM,CLE,4,455,DEN,M. Plumlee misses 2-pt layup from 1 ft,91,CLE,,90,M. Plumlee - plumlma01,2-pt layup,miss,1.0,,,,,,,,,,,,,,,,,,,,,,,
443801,/boxscores/202003070CLE.html,regular,Quicken Loans Arena Cleveland Ohio,March 7 2020,7:30 PM,CLE,4,454,DEN,,91,CLE,Defensive rebound by C. Sexton,90,,,,,,,,,,C. Sexton - sextoco01,defensive,,,,,,,,,,,,,,,,
443802,/boxscores/202003070CLE.html,regular,Quicken Loans Arena Cleveland Ohio,March 7 2020,7:30 PM,CLE,4,454,DEN,,91,CLE,C. Osman enters the game for A. McKinnie,90,,,,,,,,,,,,,,,,,,C. Osman - osmande01,A. McKinnie - mckinal01,,,,,,,,
443803,/boxscores/202003070CLE.html,regular,Quicken Loans Arena Cleveland Ohio,March 7 2020,7:30 PM,CLE,4,452,DEN,Jump ball: J. Grant vs. C. Sexton (M. Plumlee gains possession),91,CLE,,90,,,,,,,,,,,,,,,,,,,,,,,,J. Grant - grantje01,C. Sexton - sextoco01,M. Plumlee - plumlma01,
443804,/boxscores/202003070CLE.html,regular,Quicken Loans Arena Cleveland Ohio,March 7 2020,7:30 PM,CLE,4,452,DEN,,91,CLE,Turnover by C. Sexton (lost ball; steal by J. Grant),90,,,,,,,,,,,,,,,,,,,,C. Sexton - sextoco01,lost ball,steal,J. Grant - grantje01,,,,
443805,/boxscores/202003070CLE.html,regular,Quicken Loans Arena Cleveland Ohio,March 7 2020,7:30 PM,CLE,4,428,DEN,M. Porter makes 2-pt jump shot from 21 ft (assist by M. Plumlee),93,CLE,,90,M. Porter - portemi01,2-pt jump shot,make,21.0,M. Plumlee - plumlma01,,,,,,,,,,,,,,,,,,,,,,
443806,/boxscores/202003070CLE.html,regular,Quicken Loans Arena Cleveland Ohio,March 7 2020,7:30 PM,CLE,4,409,DEN,,93,CLE,L. Nance misses 2-pt layup from 2 ft,90,L. Nance - nancela02,2-pt layup,miss,2.0,,,,,,,,,,,,,,,,,,,,,,,
443807,/boxscores/202003070CLE.html,regular,Quicken Loans Arena Cleveland Ohio,March 7 2020,7:30 PM,CLE,4,407,DEN,Defensive rebound by J. Grant,93,CLE,,90,,,,,,,,,,J. Grant - grantje01,defensive,,,,,,,,,,,,,,,,
443808,/boxscores/202003070CLE.html,regular,Quicken Loans Arena Cleveland Ohio,March 7 2020,7:30 PM,CLE,4,403,DEN,Turnover by W. Barton (bad pass; steal by L. Nance),93,CLE,,90,,,,,,,,,,,,,,,,,,,,W. Barton - bartowi01,bad pass,steal,L. Nance - nancela02,,,,
443809,/boxscores/202003070CLE.html,regular,Quicken Loans Arena Cleveland Ohio,March 7 2020,7:30 PM,CLE,4,396,DEN,,93,CLE,C. Osman misses 2-pt jump shot from 13 ft,90,C. Osman - osmande01,2-pt jump shot,miss,13.0,,,,,,,,,,,,,,,,,,,,,,,
443810,/boxscores/202003070CLE.html,regular,Quicken Loans Arena Cleveland Ohio,March 7 2020,7:30 PM,CLE,4,396,DEN,Defensive rebound by Team,93,CLE,,90,,,,,,,,,,Team,defensive,,,,,,,,,,,,,,,,
443811,/boxscores/202003070CLE.html,regular,Quicken Loans Arena Cleveland Ohio,March 7 2020,7:30 PM,CLE,4,396,DEN,,93,CLE,K. Love enters the game for L. Nance,90,,,,,,,,,,,,,,,,,,K. Love - loveke01,L. Nance - nancela02,,,,,,,,
443812,/boxscores/202003070CLE.html,regular,Quicken Loans Arena Cleveland Ohio,March 7 2020,7:30 PM,CLE,4,381,DEN,J. Grant misses 2-pt jump shot from 17 ft,93,CLE,,90,J. Grant - grantje01,2-pt jump shot,miss,17.0,,,,,,,,,,,,,,,,,,,,,,,
443813,/boxscores/202003070CLE.html,regular,Quicken Loans Arena Cleveland Ohio,March 7 2020,7:30 PM,CLE,4,378,DEN,,93,CLE,Defensive rebound by M. Dellavedova,90,,,,,,,,,,M. Dellavedova - dellama01,defensive,,,,,,,,,,,,,,,,
443814,/boxscores/202003070CLE.html,regular,Quicken Loans Arena Cleveland Ohio,March 7 2020,7:30 PM,CLE,4,371,DEN,,93,CLE,Turnover by M. Dellavedova (lost ball; steal by J. Grant),90,,,,,,,,,,,,,,,,,,,,M. Dellavedova - dellama01,lost ball,steal,J. Grant - grantje01,,,,
443815,/boxscores/202003070CLE.html,regular,Quicken Loans Arena Cleveland Ohio,March 7 2020,7:30 PM,CLE,4,366,DEN,M. Porter misses 2-pt jump shot from 18 ft,93,CLE,,90,M. Porter - portemi01,2-pt jump shot,miss,18.0,,,,,,,,,,,,,,,,,,,,,,,
443816,/boxscores/202003070CLE.html,regular,Quicken Loans Arena Cleveland Ohio,March 7 2020,7:30 PM,CLE,4,363,DEN,,93,CLE,Defensive rebound by T. Thompson,90,,,,,,,,,,T. Thompson - thomptr01,defensive,,,,,,,,,,,,,,,,
443817,/boxscores/202003070CLE.html,regular,Quicken Loans Arena Cleveland Ohio,March 7 2020,7:30 PM,CLE,4,350,DEN,,93,CLE,Shooting foul by J. Grant (drawn by C. Sexton),90,,,,,,,shooting,J. Grant - grantje01,C. Sexton - sextoco01,,,,,,,,,,,,,,,,,,
443818,/boxscores/202003070CLE.html,regular,Quicken Loans Arena Cleveland Ohio,March 7 2020,7:30 PM,CLE,4,350,DEN,,93,CLE,C. Sexton makes free throw 1 of 2,91,,,,,,,,,,,,,,,C. Sexton - sextoco01,make,1 of 2,,,,,,,,,,
443819,/boxscores/202003070CLE.html,regular,Quicken Loans Arena Cleveland Ohio,March 7 2020,7:30 PM,CLE,4,350,DEN,G. Harris enters the game for M. Morris,93,CLE,,91,,,,,,,,,,,,,,,,,,G. Harris - harriga01,M. Morris - morrimo01,,,,,,,,
443820,/boxscores/202003070CLE.html,regular,Quicken Loans Arena Cleveland Ohio,March 7 2020,7:30 PM,CLE,4,350,DEN,N. Joki enters the game for M. Plumlee,93,CLE,,91,,,,,,,,,,,,,,,,,,N. Jokić - jokicni01,M. Plumlee - plumlma01,,,,,,,,
443821,/boxscores/202003070CLE.html,regular,Quicken Loans Arena Cleveland Ohio,March 7 2020,7:30 PM,CLE,4,350,DEN,,93,CLE,C. Sexton makes free throw 2 of 2,92,,,,,,,,,,,,,,,C. Sexton - sextoco01,make,2 of 2,,,,,,,,,,
443822,/boxscores/202003070CLE.html,regular,Quicken Loans Arena Cleveland Ohio,March 7 2020,7:30 PM,CLE,4,332,DEN,Personal foul by T. Thompson (drawn by N. Joki),93,CLE,,92,,,,,,,personal,T. Thompson - thomptr01,N. Jokić - jokicni01,,,,,,,,,,,,,,,,,,
443823,/boxscores/202003070CLE.html,regular,Quicken Loans Arena Cleveland Ohio,March 7 2020,7:30 PM,CLE,4,332,DEN,,93,CLE,Cleveland full timeout,92,,,,,,,,,,,,,,CLE,,,,,,,,,,,,,
443824,/boxscores/202003070CLE.html,regular,Quicken Loans Arena Cleveland Ohio,March 7 2020,7:30 PM,CLE,4,332,DEN,,93,CLE,Instant Replay (Challenge: Ruling Stands),92,,,,,,,,,,,,,,,,,,,,,,,,,,,
443825,/boxscores/202003070CLE.html,regular,Quicken Loans Arena Cleveland Ohio,March 7 2020,7:30 PM,CLE,4,325,DEN,N. Joki misses 3-pt jump shot from 27 ft,93,CLE,,92,N. Jokić - jokicni01,3-pt jump shot,miss,27.0,,,,,,,,,,,,,,,,,,,,,,,
443826,/boxscores/202003070CLE.html,regular,Quicken Loans Arena Cleveland Ohio,March 7 2020,7:30 PM,CLE,4,321,DEN,Offensive rebound by M. Porter,93,CLE,,92,,,,,,,,,,M. Porter - portemi01,offensive,,,,,,,,,,,,,,,,
443827,/boxscores/202003070CLE.html,regular,Quicken Loans Arena Cleveland Ohio,March 7 2020,7:30 PM,CLE,4,318,DEN,J. Grant misses 3-pt jump shot from 26 ft,93,CLE,,92,J. Grant - grantje01,3-pt jump shot,miss,26.0,,,,,,,,,,,,,,,,,,,,,,,
443828,/boxscores/202003070CLE.html,regular,Quicken Loans Arena Cleveland Ohio,March 7 2020,7:30 PM,CLE,4,315,DEN,,93,CLE,Defensive rebound by C. Sexton,92,,,,,,,,,,C. Sexton - sextoco01,defensive,,,,,,,,,,,,,,,,
443829,/boxscores/202003070CLE.html,regular,Quicken Loans Arena Cleveland Ohio,March 7 2020,7:30 PM,CLE,4,315,DEN,,93,CLE,Personal foul by M. Porter (drawn by C. Sexton),92,,,,,,,personal,M. Porter - portemi01,C. Sexton - sextoco01,,,,,,,,,,,,,,,,,,
443830,/boxscores/202003070CLE.html,regular,Quicken Loans Arena Cleveland Ohio,March 7 2020,7:30 PM,CLE,4,315,DEN,P. Millsap enters the game for J. Grant,93,CLE,,92,,,,,,,,,,,,,,,,,,P. Millsap - millspa01,J. Grant - grantje01,,,,,,,,
443831,/boxscores/202003070CLE.html,regular,Quicken Loans Arena Cleveland Ohio,March 7 2020,7:30 PM,CLE,4,301,DEN,,93,CLE,Turnover by K. Love (bad pass; steal by G. Harris),92,,,,,,,,,,,,,,,,,,,,K. Love - loveke01,bad pass,steal,G. Harris - harriga01,,,,
443832,/boxscores/202003070CLE.html,regular,Quicken Loans Arena Cleveland Ohio,March 7 2020,7:30 PM,CLE,4,295,DEN,G. Harris misses 2-pt layup at rim,93,CLE,,92,G. Harris - harriga01,2-pt layup,miss,0.0,,,,,,,,,,,,,,,,,,,,,,,
443833,/boxscores/202003070CLE.html,regular,Quicken Loans Arena Cleveland Ohio,March 7 2020,7:30 PM,CLE,4,291,DEN,,93,CLE,Defensive rebound by C. Sexton,92,,,,,,,,,,C. Sexton - sextoco01,defensive,,,,,,,,,,,,,,,,
443834,/boxscores/202003070CLE.html,regular,Quicken Loans Arena Cleveland Ohio,March 7 2020,7:30 PM,CLE,4,285,DEN,,93,CLE,T. Thompson misses 2-pt hook shot from 7 ft,92,T. Thompson - thomptr01,2-pt hook shot,miss,7.0,,,,,,,,,,,,,,,,,,,,,,,
443835,/boxscores/202003070CLE.html,regular,Quicken Loans Arena Cleveland Ohio,March 7 2020,7:30 PM,CLE,4,281,DEN,,93,CLE,Offensive rebound by T. Thompson,92,,,,,,,,,,T. Thompson - thomptr01,offensive,,,,,,,,,,,,,,,,
443836,/boxscores/202003070CLE.html,regular,Quicken Loans Arena Cleveland Ohio,March 7 2020,7:30 PM,CLE,4,281,DEN,,93,CLE,T. Thompson misses 2-pt layup at rim,92,T. Thompson - thomptr01,2-pt layup,miss,0.0,,,,,,,,,,,,,,,,,,,,,,,
443837,/boxscores/202003070CLE.html,regular,Quicken Loans Arena Cleveland Ohio,March 7 2020,7:30 PM,CLE,4,281,DEN,Defensive rebound by N. Joki,93,CLE,,92,,,,,,,,,,N. Jokić - jokicni01,defensive,,,,,,,,,,,,,,,,
443838,/boxscores/202003070CLE.html,regular,Quicken Loans Arena Cleveland Ohio,March 7 2020,7:30 PM,CLE,4,261,DEN,N. Joki misses 3-pt jump shot from 28 ft,93,CLE,,92,N. Jokić - jokicni01,3-pt jump shot,miss,28.0,,,,,,,,,,,,,,,,,,,,,,,
443839,/boxscores/202003070CLE.html,regular,Quicken Loans Arena Cleveland Ohio,March 7 2020,7:30 PM,CLE,4,257,DEN,,93,CLE,Defensive rebound by C. Sexton,92,,,,,,,,,,C. Sexton - sextoco01,defensive,,,,,,,,,,,,,,,,
443840,/boxscores/202003070CLE.html,regular,Quicken Loans Arena Cleveland Ohio,March 7 2020,7:30 PM,CLE,4,243,DEN,,93,CLE,K. Love makes 2-pt jump shot from 21 ft (assist by T. Thompson),94,K. Love - loveke01,2-pt jump shot,make,21.0,T. Thompson - thomptr01,,,,,,,,,,,,,,,,,,,,,,
443841,/boxscores/202003070CLE.html,regular,Quicken Loans Arena Cleveland Ohio,March 7 2020,7:30 PM,CLE,4,216,DEN,N. Joki misses 2-pt hook shot from 5 ft,93,CLE,,94,N. Jokić - jokicni01,2-pt hook shot,miss,5.0,,,,,,,,,,,,,,,,,,,,,,,
443842,/boxscores/202003070CLE.html,regular,Quicken Loans Arena Cleveland Ohio,March 7 2020,7:30 PM,CLE,4,211,DEN,Offensive rebound by N. Joki,93,CLE,,94,,,,,,,,,,N. Jokić - jokicni01,offensive,,,,,,,,,,,,,,,,
443843,/boxscores/202003070CLE.html,regular,Quicken Loans Arena Cleveland Ohio,March 7 2020,7:30 PM,CLE,4,211,DEN,N. Joki misses 2-pt layup from 1 ft (block by T. Thompson),93,CLE,,94,N. Jokić - jokicni01,2-pt layup,miss,1.0,,T. Thompson - thomptr01,,,,,,,,,,,,,,,,,,,,,
443844,/boxscores/202003070CLE.html,regular,Quicken Loans Arena Cleveland Ohio,March 7 2020,7:30 PM,CLE,4,211,DEN,,93,CLE,Defensive rebound by M. Dellavedova,94,,,,,,,,,,M. Dellavedova - dellama01,defensive,,,,,,,,,,,,,,,,
443845,/boxscores/202003070CLE.html,regular,Quicken Loans Arena Cleveland Ohio,March 7 2020,7:30 PM,CLE,4,208,DEN,,93,CLE,M. Dellavedova makes 3-pt jump shot from 26 ft (assist by K. Love),97,M. Dellavedova - dellama01,3-pt jump shot,make,26.0,K. Love - loveke01,,,,,,,,,,,,,,,,,,,,,,
443846,/boxscores/202003070CLE.html,regular,Quicken Loans Arena Cleveland Ohio,March 7 2020,7:30 PM,CLE,4,207,DEN,Denver full timeout,93,CLE,,97,,,,,,,,,,,,,,DEN,,,,,,,,,,,,,
443847,/boxscores/202003070CLE.html,regular,Quicken Loans Arena Cleveland Ohio,March 7 2020,7:30 PM,CLE,4,207,DEN,,93,CLE,Cleveland full timeout,97,,,,,,,,,,,,,,CLE,,,,,,,,,,,,,
443848,/boxscores/202003070CLE.html,regular,Quicken Loans Arena Cleveland Ohio,March 7 2020,7:30 PM,CLE,4,207,DEN,J. Murray enters the game for M. Porter,93,CLE,,97,,,,,,,,,,,,,,,,,,J. Murray - murraja01,M. Porter - portemi01,,,,,,,,
443849,/boxscores/202003070CLE.html,regular,Quicken Loans Arena Cleveland Ohio,March 7 2020,7:30 PM,CLE,4,192,DEN,W. Barton misses 3-pt jump shot from 23 ft,93,CLE,,97,W. Barton - bartowi01,3-pt jump shot,miss,23.0,,,,,,,,,,,,,,,,,,,,,,,
443850,/boxscores/202003070CLE.html,regular,Quicken Loans Arena Cleveland Ohio,March 7 2020,7:30 PM,CLE,4,186,DEN,,93,CLE,Defensive rebound by K. Love,97,,,,,,,,,,K. Love - loveke01,defensive,,,,,,,,,,,,,,,,
443851,/boxscores/202003070CLE.html,regular,Quicken Loans Arena Cleveland Ohio,March 7 2020,7:30 PM,CLE,4,170,DEN,,93,CLE,K. Love makes 3-pt jump shot from 25 ft (assist by C. Sexton),100,K. Love - loveke01,3-pt jump shot,make,25.0,C. Sexton - sextoco01,,,,,,,,,,,,,,,,,,,,,,
443852,/boxscores/202003070CLE.html,regular,Quicken Loans Arena Cleveland Ohio,March 7 2020,7:30 PM,CLE,4,156,DEN,Personal foul by M. Dellavedova (drawn by J. Murray),93,CLE,,100,,,,,,,personal,M. Dellavedova - dellama01,J. Murray - murraja01,,,,,,,,,,,,,,,,,,
443853,/boxscores/202003070CLE.html,regular,Quicken Loans Arena Cleveland Ohio,March 7 2020,7:30 PM,CLE,4,144,DEN,J. Murray makes 3-pt jump shot from 28 ft,96,CLE,,100,J. Murray - murraja01,3-pt jump shot,make,28.0,,,,,,,,,,,,,,,,,,,,,,,
443854,/boxscores/202003070CLE.html,regular,Quicken Loans Arena Cleveland Ohio,March 7 2020,7:30 PM,CLE,4,123,DEN,,96,CLE,Shooting foul by W. Barton (drawn by K. Love),100,,,,,,,shooting,W. Barton - bartowi01,K. Love - loveke01,,,,,,,,,,,,,,,,,,
443855,/boxscores/202003070CLE.html,regular,Quicken Loans Arena Cleveland Ohio,March 7 2020,7:30 PM,CLE,4,123,DEN,,96,CLE,K. Love makes free throw 1 of 2,101,,,,,,,,,,,,,,,K. Love - loveke01,make,1 of 2,,,,,,,,,,
443856,/boxscores/202003070CLE.html,regular,Quicken Loans Arena Cleveland Ohio,March 7 2020,7:30 PM,CLE,4,123,DEN,,96,CLE,K. Love makes free throw 2 of 2,102,,,,,,,,,,,,,,,K. Love - loveke01,make,2 of 2,,,,,,,,,,
443857,/boxscores/202003070CLE.html,regular,Quicken Loans Arena Cleveland Ohio,March 7 2020,7:30 PM,CLE,4,110,DEN,J. Murray misses 2-pt jump shot from 9 ft,96,CLE,,102,J. Murray - murraja01,2-pt jump shot,miss,9.0,,,,,,,,,,,,,,,,,,,,,,,
443858,/boxscores/202003070CLE.html,regular,Quicken Loans Arena Cleveland Ohio,March 7 2020,7:30 PM,CLE,4,108,DEN,Offensive rebound by J. Murray,96,CLE,,102,,,,,,,,,,J. Murray - murraja01,offensive,,,,,,,,,,,,,,,,
443859,/boxscores/202003070CLE.html,regular,Quicken Loans Arena Cleveland Ohio,March 7 2020,7:30 PM,CLE,4,97,DEN,W. Barton makes 3-pt jump shot from 26 ft (assist by P. Millsap),99,CLE,,102,W. Barton - bartowi01,3-pt jump shot,make,26.0,P. Millsap - millspa01,,,,,,,,,,,,,,,,,,,,,,
443860,/boxscores/202003070CLE.html,regular,Quicken Loans Arena Cleveland Ohio,March 7 2020,7:30 PM,CLE,4,80,DEN,,99,CLE,K. Love makes 2-pt hook shot from 6 ft (assist by M. Dellavedova),104,K. Love - loveke01,2-pt hook shot,make,6.0,M. Dellavedova - dellama01,,,,,,,,,,,,,,,,,,,,,,
443861,/boxscores/202003070CLE.html,regular,Quicken Loans Arena Cleveland Ohio,March 7 2020,7:30 PM,CLE,4,68,DEN,P. Millsap misses 2-pt layup at rim,99,CLE,,104,P. Millsap - millspa01,2-pt layup,miss,0.0,,,,,,,,,,,,,,,,,,,,,,,
443862,/boxscores/202003070CLE.html,regular,Quicken Loans Arena Cleveland Ohio,March 7 2020,7:30 PM,CLE,4,66,DEN,,99,CLE,Defensive rebound by C. Osman,104,,,,,,,,,,C. Osman - osmande01,defensive,,,,,,,,,,,,,,,,
443863,/boxscores/202003070CLE.html,regular,Quicken Loans Arena Cleveland Ohio,March 7 2020,7:30 PM,CLE,4,48,DEN,,99,CLE,K. Love misses 2-pt layup from 1 ft,104,K. Love - loveke01,2-pt layup,miss,1.0,,,,,,,,,,,,,,,,,,,,,,,
443864,/boxscores/202003070CLE.html,regular,Quicken Loans Arena Cleveland Ohio,March 7 2020,7:30 PM,CLE,4,46,DEN,Defensive rebound by W. Barton,99,CLE,,104,,,,,,,,,,W. Barton - bartowi01,defensive,,,,,,,,,,,,,,,,
443865,/boxscores/202003070CLE.html,regular,Quicken Loans Arena Cleveland Ohio,March 7 2020,7:30 PM,CLE,4,41,DEN,G. Harris makes 3-pt jump shot from 24 ft (assist by J. Murray),102,CLE,,104,G. Harris - harriga01,3-pt jump shot,make,24.0,J. Murray - murraja01,,,,,,,,,,,,,,,,,,,,,,
443866,/boxscores/202003070CLE.html,regular,Quicken Loans Arena Cleveland Ohio,March 7 2020,7:30 PM,CLE,4,20,DEN,,102,CLE,Shooting foul by N. Joki (drawn by T. Thompson),104,,,,,,,shooting,N. Jokić - jokicni01,T. Thompson - thomptr01,,,,,,,,,,,,,,,,,,
443867,/boxscores/202003070CLE.html,regular,Quicken Loans Arena Cleveland Ohio,March 7 2020,7:30 PM,CLE,4,20,DEN,,102,CLE,T. Thompson misses free throw 1 of 2,104,,,,,,,,,,,,,,,T. Thompson - thomptr01,miss,1 of 2,,,,,,,,,,
443868,/boxscores/202003070CLE.html,regular,Quicken Loans Arena Cleveland Ohio,March 7 2020,7:30 PM,CLE,4,20,DEN,,102,CLE,Offensive rebound by Team,104,,,,,,,,,,Team,offensive,,,,,,,,,,,,,,,,
443869,/boxscores/202003070CLE.html,regular,Quicken Loans Arena Cleveland Ohio,March 7 2020,7:30 PM,CLE,4,20,DEN,,102,CLE,L. Nance enters the game for K. Love,104,,,,,,,,,,,,,,,,,,L. Nance - nancela02,K. Love - loveke01,,,,,,,,
443870,/boxscores/202003070CLE.html,regular,Quicken Loans Arena Cleveland Ohio,March 7 2020,7:30 PM,CLE,4,20,DEN,,102,CLE,T. Thompson misses free throw 2 of 2,104,,,,,,,,,,,,,,,T. Thompson - thomptr01,miss,2 of 2,,,,,,,,,,
443871,/boxscores/202003070CLE.html,regular,Quicken Loans Arena Cleveland Ohio,March 7 2020,7:30 PM,CLE,4,18,DEN,Defensive rebound by W. Barton,102,CLE,,104,,,,,,,,,,W. Barton - bartowi01,defensive,,,,,,,,,,,,,,,,
443872,/boxscores/202003070CLE.html,regular,Quicken Loans Arena Cleveland Ohio,March 7 2020,7:30 PM,CLE,4,1,DEN,J. Murray misses 2-pt jump shot from 11 ft,102,CLE,,104,J. Murray - murraja01,2-pt jump shot,miss,11.0,,,,,,,,,,,,,,,,,,,,,,,
443873,/boxscores/202003070CLE.html,regular,Quicken Loans Arena Cleveland Ohio,March 7 2020,7:30 PM,CLE,4,0,DEN,,102,CLE,Defensive rebound by T. Thompson,104,,,,,,,,,,T. Thompson - thomptr01,defensive,,,,,,,,,,,,,,,,
443874,/boxscores/202003070CLE.html,regular,Quicken Loans Arena Cleveland Ohio,March 7 2020,7:30 PM,CLE,4,0,DEN,End of 4th quarter,102,CLE,,104,,,,,,,,,,,,,,,,,,,,,,,,,,,
443875,/boxscores/202003070CLE.html,regular,Quicken Loans Arena Cleveland Ohio,March 7 2020,7:30 PM,CLE,4,0,DEN,End of Game,102,CLE,,104,,,,,,,,,,,,,,,,,,,,,,,,,,,
